Workflow Name,Tag Name,Tag Conditions
New Service or Third Party Onboarding,Safeguarding = TRUE,MainAssessmentQ33 EQUAL Yes
New Service or Third Party Onboarding,Tier D (TP),"newPurchaseRequestV02-Legal, Security & Technology information-question-6 NOT_EQUAL 91140b22-a9ac-4098-86a7-3c07c6250721 AND newPurchaseRequestV02-Legal, Security & Technology information-question-6 NOT_EQUAL 91140b22-a9ac-4098-86a7-3c07c6250721 AND derivedFields.risk.aggregate EQUAL 0"
New Service or Third Party Onboarding,Materiality Substitutability = Impossible,mainAssessmentBankingQuestion16 EQUAL It is impossible to substitute the service AND MainAssessmentQ71 EQUAL It is impossible to substitute the service
New Service or Third Party Onboarding,Tier B (BP),"derivedFields.risk.aggregate LESS_THAN_OR_EQUAL_TO 59 AND derivedFields.risk.aggregate GREATER_THAN_OR_EQUAL_TO 40 AND newPurchaseRequestV02-Legal, Security & Technology information-question-6 EQUAL 91140b22-a9ac-4098-86a7-3c07c6250721 AND newPurchaseRequestV02-Legal, Security & Technology information-question-6 EQUAL 91140b22-a9ac-4098-86a7-3c07c6250721"
New Service or Third Party Onboarding,Criticality = Tier 3,mainAssessmentBankingQuestion22 EQUAL Likely to create a severity 3 incident AND MainAssessmentQ68 EQUAL Likely to create a severity 3 incident
New Service or Third Party Onboarding,Criticality = Tier 1,mainAssessmentBankingQuestion22 EQUAL Likely to create a severity 1 incident AND MainAssessmentQ68 EQUAL Likely to create a severity 1 incident
New Service or Third Party Onboarding,Materiality Substitutability = Easy,mainAssessmentBanking-MainAssessmentSection4-question-5 EQUAL Easy AND MainAssessmentQ57 EQUAL Easy
New Service or Third Party Onboarding,Materiality Substitutability = Difficult,mainAssessmentBanking-MainAssessmentSection4-question-5 EQUAL Difficult AND MainAssessmentQ57 EQUAL Difficult
New Service or Third Party Onboarding,Outsourcing = Yes,MainAssessmentQ4 CONTAINS Card Settlement & Reco AND MainAssessmentQ7 CONTAINS Compliance Training AND MainAssessmentQ8 CONTAINS Finance Controls AND MainAssessmentQ8 CONTAINS Finance Ledgering AND MainAssessmentQ8 CONTAINS Finance Reporting AND MainAssessmentQ9 CONTAINS Fee Reconciliation AND MainAssessmentQ10 CONTAINS Exposure Management AND MainAssessmentQ10 CONTAINS Rate Gamer Detection AND MainAssessmentQ10 CONTAINS Safeguarding AND MainAssessmentQ1 EQUAL Internal Audit AND MainAssessmentQ12 CONTAINS Open Banking Account Access AND MainAssessmentQ12 CONTAINS Regional Due Diligence Infrastructure AND MainAssessmentQ12 CONTAINS Regional Product Compliance Infrastructure AND MainAssessmentQ13 CONTAINS Payment Processing AND MainAssessmentQ13 CONTAINS RFI Processing AND MainAssessmentQ16 CONTAINS Data Archiving AND MainAssessmentQ19 CONTAINS Incident Management AND MainAssessmentQ19 CONTAINS Logging Infrastructure AND MainAssessmentQ19 CONTAINS Monitoring And Alerting AND MainAssessmentQ20 CONTAINS Backoffice Authorization AND MainAssessmentQ20 CONTAINS Data Privacy & Governance AND MainAssessmentQ20 CONTAINS Security Governance AND MainAssessmentQ20 CONTAINS Threat Management AND MainAssessmentQ1 EQUAL Risk Management AND MainAssessmentQ21 CONTAINS Customer/Transaction Screening AND MainAssessmentQ21 CONTAINS Fincrime Case Handling AND MainAssessmentQ22 CONTAINS Customer Decision Tracking AND MainAssessmentQ22 CONTAINS Fincrime Data Collection And Event Ledger AND MainAssessmentQ22 CONTAINS Fincrime Servicing Platform AND MainAssessmentQ23 CONTAINS Customer Reimbursement AND MainAssessmentQ23 CONTAINS Fraud And Scam Prevention AND MainAssessmentQ24 CONTAINS AML Intelligence AND MainAssessmentQ24 CONTAINS AML Investigations AND MainAssessmentQ24 CONTAINS Due Diligence Rule Engine AND MainAssessmentQ24 CONTAINS Refresh Due Diligence Cycle AND MainAssessmentQ24 CONTAINS SAR Reporting AND MainAssessmentQ24 CONTAINS Surveillance Intelligence AND MainAssessmentQ26 CONTAINS Customer Verification Infrastructure AND MainAssessmentQ26 CONTAINS Perform Enhanced Due Diligence Checks On Customers AND MainAssessmentQ26 CONTAINS Perform Required KYC Checks On Business Customers At Onboarding AND MainAssessmentQ26 CONTAINS Personal Customers Verification At Onboarding AND MainAssessmentQ28 CONTAINS Customer Authorisation AND MainAssessmentQ28 CONTAINS Customer Authentication AND MainAssessmentQ24 CONTAINS Law Enforcement And RFIs AND MainAssessmentQ28 CONTAINS Profile Management AND MainAssessmentQ71 EQUAL Fully move it in-house AND MainAssessmentQ57 EQUAL Instant AND MainAssessmentQ57 EQUAL Easy AND MainAssessmentQ4 CONTAINS Card Disputes / Fraud Prevention AND MainAssessmentQ7 CONTAINS Compliance Oversight (2LOD Compliance) AND MainAssessmentQ17 CONTAINS Continuous Integration / Continuous Delivery AND MainAssessmentQ19 CONTAINS Incident Management AND MainAssessmentQ10 CONTAINS Liquidity Management AND MainAssessmentQ7 CONTAINS Regulatory Product Compliance AND MainAssessmentQ1 CONTAINS Third Party Management AND MainAssessmentQ25 CONTAINS Handle Customer Complaints
New Service or Third Party Onboarding,Tier C (BP),"derivedFields.risk.aggregate LESS_THAN 40 AND derivedFields.risk.aggregate GREATER_THAN_OR_EQUAL_TO 1 AND newPurchaseRequestV02-Legal, Security & Technology information-question-6 EQUAL 91140b22-a9ac-4098-86a7-3c07c6250721 AND newPurchaseRequestV02-Legal, Security & Technology information-question-6 EQUAL 91140b22-a9ac-4098-86a7-3c07c6250721"
New Service or Third Party Onboarding,PII Processed = TRUE,mainAssessmentBankingQuestion10 EQUAL Both AND MainAssessmentQ42 EQUAL Both AND mainAssessmentBankingQuestion10 EQUAL Personal Data AND mainAssessmentBankingQuestion10 EQUAL Personal Data
New Service or Third Party Onboarding,Tier A (TP),"derivedFields.risk.aggregate LESS_THAN_OR_EQUAL_TO 110 AND newPurchaseRequestV02-Legal, Security & Technology information-question-6 NOT_EQUAL 91140b22-a9ac-4098-86a7-3c07c6250721 AND newPurchaseRequestV02-Legal, Security & Technology information-question-6 NOT_EQUAL 91140b22-a9ac-4098-86a7-3c07c6250721 AND derivedFields.risk.aggregate GREATER_THAN_OR_EQUAL_TO 70"
New Service or Third Party Onboarding,BSP - Market Tier 2,"newPurchaseRequestV02-Legal, Security & Technology information-question-6 EQUAL 91140b22-a9ac-4098-86a7-3c07c6250721 AND newPurchaseRequestV02-Legal, Security & Technology information-question-6 EQUAL 91140b22-a9ac-4098-86a7-3c07c6250721 AND mainAssessmentBankingQuestion2 NOT_CONTAINS 23cc210b-1946-4452-9d05-00e5dbdc43be AND mainAssessmentBankingQuestion2 NOT_CONTAINS 23cc210b-1946-4452-9d05-00e5dbdc43be AND mainAssessmentBankingQuestion2 NOT_CONTAINS 23cc210b-1946-4452-9d05-00e5dbdc43be AND mainAssessmentBankingQuestion2 NOT_CONTAINS 23cc210b-1946-4452-9d05-00e5dbdc43be AND mainAssessmentBankingQuestion2 CONTAINS 23cc210b-1946-4452-9d05-00e5dbdc43be AND mainAssessmentBankingQuestion2 CONTAINS 23cc210b-1946-4452-9d05-00e5dbdc43be AND mainAssessmentBankingQuestion2 CONTAINS 23cc210b-1946-4452-9d05-00e5dbdc43be AND mainAssessmentBankingQuestion2 CONTAINS 23cc210b-1946-4452-9d05-00e5dbdc43be AND mainAssessmentBankingQuestion2 CONTAINS 23cc210b-1946-4452-9d05-00e5dbdc43be AND mainAssessmentBankingQuestion2 CONTAINS 23cc210b-1946-4452-9d05-00e5dbdc43be AND mainAssessmentBankingQuestion2 CONTAINS 23cc210b-1946-4452-9d05-00e5dbdc43be AND mainAssessmentBankingQuestion2 CONTAINS 23cc210b-1946-4452-9d05-00e5dbdc43be AND mainAssessmentBankingQuestion2 CONTAINS 23cc210b-1946-4452-9d05-00e5dbdc43be AND mainAssessmentBankingQuestion2 CONTAINS 23cc210b-1946-4452-9d05-00e5dbdc43be AND mainAssessmentBankingQuestion2 CONTAINS 23cc210b-1946-4452-9d05-00e5dbdc43be AND mainAssessmentBankingQuestion2 CONTAINS 23cc210b-1946-4452-9d05-00e5dbdc43be AND mainAssessmentBankingQuestion2 CONTAINS 23cc210b-1946-4452-9d05-00e5dbdc43be AND mainAssessmentBankingQuestion2 CONTAINS 23cc210b-1946-4452-9d05-00e5dbdc43be AND mainAssessmentBankingQuestion2 CONTAINS 23cc210b-1946-4452-9d05-00e5dbdc43be AND mainAssessmentBankingQuestion2 CONTAINS 23cc210b-1946-4452-9d05-00e5dbdc43be AND mainAssessmentBankingQuestion2 CONTAINS 23cc210b-1946-4452-9d05-00e5dbdc43be AND mainAssessmentBankingQuestion2 CONTAINS 23cc210b-1946-4452-9d05-00e5dbdc43be AND mainAssessmentBankingQuestion2 CONTAINS 23cc210b-1946-4452-9d05-00e5dbdc43be AND mainAssessmentBankingQuestion2 CONTAINS 23cc210b-1946-4452-9d05-00e5dbdc43be AND mainAssessmentBankingQuestion2 CONTAINS 23cc210b-1946-4452-9d05-00e5dbdc43be AND mainAssessmentBankingQuestion2 CONTAINS 23cc210b-1946-4452-9d05-00e5dbdc43be AND mainAssessmentBankingQuestion2 CONTAINS 23cc210b-1946-4452-9d05-00e5dbdc43be AND mainAssessmentBankingQuestion2 CONTAINS 23cc210b-1946-4452-9d05-00e5dbdc43be AND mainAssessmentBankingQuestion2 CONTAINS 23cc210b-1946-4452-9d05-00e5dbdc43be AND mainAssessmentBankingQuestion2 CONTAINS 23cc210b-1946-4452-9d05-00e5dbdc43be AND mainAssessmentBankingQuestion2 CONTAINS 23cc210b-1946-4452-9d05-00e5dbdc43be AND mainAssessmentBankingQuestion2 CONTAINS 23cc210b-1946-4452-9d05-00e5dbdc43be AND mainAssessmentBankingQuestion2 CONTAINS 23cc210b-1946-4452-9d05-00e5dbdc43be"
New Service or Third Party Onboarding,Criticality = Tier 2,mainAssessmentBankingQuestion22 EQUAL Likely to create a severity 2 incident AND MainAssessmentQ68 EQUAL Likely to create a severity 2 incident
New Service or Third Party Onboarding,Tier A (BP),"derivedFields.risk.aggregate LESS_THAN_OR_EQUAL_TO 110 AND derivedFields.risk.aggregate GREATER_THAN_OR_EQUAL_TO 60 AND newPurchaseRequestV02-Legal, Security & Technology information-question-6 EQUAL 91140b22-a9ac-4098-86a7-3c07c6250721 AND newPurchaseRequestV02-Legal, Security & Technology information-question-6 EQUAL 91140b22-a9ac-4098-86a7-3c07c6250721"
New Service or Third Party Onboarding,Materiality Impact = Low,"MainAssessmentQ68 EQUAL Likely to create a severity 2 incident AND mainAssessmentBankingQuestion22 EQUAL Likely to create a severity 2 incident AND MainAssessmentQ62 EQUAL Yes, only counterparties AND mainAssessmentBankingQuestion21 EQUAL Yes, only counterparties AND mainAssessmentBankingQuestion21 EQUAL No AND MainAssessmentQ62 EQUAL No AND MainAssessmentQ69 NOT_EQUAL Significant impact AND MainAssessmentQ69 NOT_EQUAL High impact AND mainAssessmentBankingQuestion23 NOT_EQUAL Major/Significant impact AND MainAssessmentQ62 EQUAL No AND mainAssessmentBankingQuestion21 EQUAL Yes, only counterparties AND mainAssessmentBankingQuestion21 EQUAL No AND MainAssessmentQ62 EQUAL Yes, only counterparties AND MainAssessmentQ69 NOT_EQUAL Significant impact AND MainAssessmentQ69 NOT_EQUAL High impact AND mainAssessmentBankingQuestion23 NOT_EQUAL Major/Significant impact AND MainAssessmentQ62 EQUAL Yes, only customers AND mainAssessmentBankingQuestion21 EQUAL Yes, only customers AND MainAssessmentQ69 NOT_EQUAL Significant impact AND MainAssessmentQ69 NOT_EQUAL High impact AND MainAssessmentQ69 NOT_EQUAL Moderate impact AND mainAssessmentBankingQuestion23 NOT_EQUAL Major/Significant impact AND mainAssessmentBankingQuestion23 NOT_EQUAL Moderate impact AND MainAssessmentQ68 EQUAL Likely to create a severity 3 incident AND mainAssessmentBankingQuestion22 EQUAL Likely to create a severity 3 incident AND MainAssessmentQ68 EQUAL Not applicable AND mainAssessmentBankingQuestion22 EQUAL Not applicable AND MainAssessmentQ62 EQUAL Yes, only counterparties AND MainAssessmentQ62 EQUAL No AND mainAssessmentBankingQuestion21 EQUAL Yes, only counterparties AND mainAssessmentBankingQuestion21 EQUAL No AND MainAssessmentQ69 NOT_EQUAL Significant impact AND MainAssessmentQ69 NOT_EQUAL High impact AND mainAssessmentBankingQuestion23 NOT_EQUAL Major/Significant impact AND MainAssessmentQ69 NOT_EQUAL Significant impact AND MainAssessmentQ69 NOT_EQUAL High impact AND MainAssessmentQ69 NOT_EQUAL Moderate impact AND mainAssessmentBankingQuestion23 NOT_EQUAL Major/Significant impact AND mainAssessmentBankingQuestion23 NOT_EQUAL Moderate impact AND MainAssessmentQ62 EQUAL Yes, only customers AND MainAssessmentQ62 EQUAL Yes, both AND mainAssessmentBankingQuestion21 EQUAL Yes, both AND mainAssessmentBankingQuestion21 EQUAL Yes, only customers"
New Service or Third Party Onboarding,Materiality Impact = High,"MainAssessmentQ68 EQUAL Likely to create a severity 1 incident AND mainAssessmentBankingQuestion22 EQUAL Likely to create a severity 1 incident AND MainAssessmentQ62 EQUAL Yes, only customers AND MainAssessmentQ62 EQUAL Yes, both AND mainAssessmentBankingQuestion21 EQUAL Yes, only customers AND mainAssessmentBankingQuestion21 EQUAL Yes, both AND MainAssessmentQ68 EQUAL Likely to create a severity 2 incident AND mainAssessmentBankingQuestion22 EQUAL Likely to create a severity 2 incident AND MainAssessmentQ62 EQUAL Yes, both AND mainAssessmentBankingQuestion21 EQUAL Yes, both AND MainAssessmentQ68 EQUAL Likely to create a severity 3 incident AND mainAssessmentBankingQuestion22 EQUAL Likely to create a severity 3 incident AND MainAssessmentQ69 EQUAL Moderate impact AND mainAssessmentBankingQuestion23 EQUAL Moderate impact AND mainAssessmentBankingQuestion21 EQUAL Yes, only customers AND MainAssessmentQ62 EQUAL Yes, only customers AND mainAssessmentBankingQuestion21 EQUAL Yes, both AND MainAssessmentQ62 EQUAL Yes, both AND mainAssessmentBankingQuestion23 EQUAL Major/Significant impact AND MainAssessmentQ69 EQUAL Significant impact AND MainAssessmentQ69 EQUAL High impact"
New Service or Third Party Onboarding,Supportive = TRUE,"MainAssessmentQ2 NOT_CONTAINS Account Balance Management AND MainAssessmentQ2 NOT_CONTAINS Investment Management AND MainAssessmentQ2 NOT_CONTAINS Convert Between Currencies AND MainAssessmentQ2 NOT_CONTAINS Manage Transactions And Activities AND MainAssessmentQ2 NOT_CONTAINS Move Money From Balance AND MainAssessmentQ2 NOT_CONTAINS Multiuser Access And Approvals AND MainAssessmentQ3 NOT_CONTAINS Account Details Allocation And Management AND MainAssessmentQ3 NOT_CONTAINS Receive With Bank Transfer AND MainAssessmentQ7 NOT_CONTAINS Compliance Training AND MainAssessmentQ7 NOT_CONTAINS Regulatory Product Compliance AND MainAssessmentQ8 NOT_CONTAINS Finance Controls AND MainAssessmentQ8 NOT_CONTAINS Finance Ledgering AND MainAssessmentQ8 NOT_CONTAINS Finance Reporting AND MainAssessmentQ9 NOT_CONTAINS Fee Pricing AND MainAssessmentQ9 NOT_CONTAINS Fee Reconciliation AND MainAssessmentQ10 NOT_CONTAINS Exposure Management AND MainAssessmentQ10 NOT_CONTAINS Liquidity Management AND MainAssessmentQ10 NOT_CONTAINS Market Data AND MainAssessmentQ10 NOT_CONTAINS Rate Gamer Detection AND MainAssessmentQ10 NOT_CONTAINS Safeguarding AND MainAssessmentQ11 NOT_CONTAINS Backoffice AND MainAssessmentQ11 NOT_CONTAINS Public Web Application AND MainAssessmentQ12 NOT_CONTAINS Open Banking Account Access AND MainAssessmentQ12 NOT_CONTAINS Regional Payment Infrastructure AND MainAssessmentQ12 NOT_CONTAINS Regional Product Compliance Infrastructure AND MainAssessmentQ13 NOT_CONTAINS Banking Partner Account Statement Fetching AND MainAssessmentQ13 NOT_CONTAINS Direct Debits AND MainAssessmentQ13 NOT_CONTAINS Payment Linking AND MainAssessmentQ13 NOT_CONTAINS Payment Processing AND MainAssessmentQ13 NOT_CONTAINS Payment Routing AND MainAssessmentQ13 NOT_CONTAINS RFI Processing AND MainAssessmentQ15 NOT_CONTAINS Compute And Service Mesh AND MainAssessmentQ15 NOT_CONTAINS Networking AND MainAssessmentQ15 NOT_CONTAINS Secret Management AND MainAssessmentQ16 NOT_CONTAINS Data Archiving AND MainAssessmentQ16 NOT_CONTAINS Database Management AND MainAssessmentQ16 NOT_CONTAINS Real Time Data Platform AND MainAssessmentQ17 NOT_CONTAINS Continuous Integration / Continuous Delivery AND MainAssessmentQ18 NOT_CONTAINS Workforce Device Management AND MainAssessmentQ18 NOT_CONTAINS Workforce Identity and Access Management AND MainAssessmentQ18 NOT_CONTAINS Workforce Productivity AND MainAssessmentQ19 NOT_CONTAINS Incident Management AND MainAssessmentQ19 NOT_CONTAINS Logging Infrastructure AND MainAssessmentQ19 NOT_CONTAINS Monitoring And Alerting AND MainAssessmentQ20 NOT_CONTAINS Backoffice Authorization AND MainAssessmentQ20 NOT_CONTAINS Data Privacy & Governance AND MainAssessmentQ20 NOT_CONTAINS Security Governance AND MainAssessmentQ20 NOT_CONTAINS Security Logging & Monitoring AND MainAssessmentQ20 NOT_CONTAINS Threat Management AND MainAssessmentQ20 NOT_CONTAINS Vulnerability Management AND MainAssessmentQ21 NOT_CONTAINS Customer/Transaction Screening AND MainAssessmentQ21 NOT_CONTAINS Fincrime Case Handling AND MainAssessmentQ22 NOT_CONTAINS Customer Decision Tracking AND MainAssessmentQ22 NOT_CONTAINS Fincrime Data Collection And Event Ledger AND MainAssessmentQ22 NOT_CONTAINS Fincrime Servicing Platform AND MainAssessmentQ23 NOT_CONTAINS Customer Reimbursement AND MainAssessmentQ23 NOT_CONTAINS Fraud And Scam Prevention AND MainAssessmentQ24 NOT_CONTAINS AML Intelligence AND MainAssessmentQ24 NOT_CONTAINS AML Investigations AND MainAssessmentQ24 NOT_CONTAINS Due Diligence Rule Engine AND MainAssessmentQ24 NOT_CONTAINS Law Enforcement And RFIs AND MainAssessmentQ24 NOT_CONTAINS SAR Reporting AND MainAssessmentQ24 NOT_CONTAINS Surveillance Intelligence AND MainAssessmentQ25 NOT_CONTAINS Customer Support Request Handling Infrastructure AND MainAssessmentQ25 NOT_CONTAINS Customer Support Service AND MainAssessmentQ25 NOT_CONTAINS Handle Customer Complaints AND MainAssessmentQ26 NOT_CONTAINS Customer Verification Infrastructure AND MainAssessmentQ26 NOT_CONTAINS Perform Enhanced Due Diligence Checks On Customers AND MainAssessmentQ26 NOT_CONTAINS Perform Required KYC Checks On Business Customers At Onboarding AND MainAssessmentQ26 NOT_CONTAINS Personal Customers Verification At Onboarding AND MainAssessmentQ27 NOT_CONTAINS API Orchestration AND MainAssessmentQ27 NOT_CONTAINS Correspondent Services AND MainAssessmentQ27 NOT_CONTAINS Partner Onboarding, Management & Access AND MainAssessmentQ28 NOT_CONTAINS Customer Authentication AND MainAssessmentQ28 NOT_CONTAINS Customer Authorisation AND MainAssessmentQ28 NOT_CONTAINS Customer Login Management AND MainAssessmentQ28 NOT_CONTAINS Profile Management AND MainAssessmentQ30 NOT_CONTAINS Delivery Estimation AND MainAssessmentQ30 NOT_CONTAINS Quote Management AND MainAssessmentQ30 NOT_CONTAINS Recipient Management AND MainAssessmentQ30 NOT_CONTAINS Transfer Creation And Management AND MainAssessmentQ1 NOT_CONTAINS Risk Management AND MainAssessmentQ1 NOT_CONTAINS Third Party Management AND MainAssessmentQ4 NOT_CONTAINS Card Disputes / Fraud Prevention AND MainAssessmentQ4 NOT_CONTAINS Card Management AND MainAssessmentQ4 NOT_CONTAINS Card Settlement & Reco AND MainAssessmentQ4 NOT_CONTAINS Card Tokenisation AND MainAssessmentQ7 NOT_CONTAINS Compliance Oversight (2LOD Compliance) AND MainAssessmentQ29 NOT_CONTAINS Connected Accounts AND MainAssessmentQ4 NOT_CONTAINS Debit / Credit With Card AND MainAssessmentQ4 NOT_CONTAINS Manage Spending Limits AND MainAssessmentQ29 NOT_CONTAINS Manual Bank Transfer AND MainAssessmentQ28 NOT_CONTAINS Onboarding Experience AND MainAssessmentQ4 NOT_CONTAINS Order Or Replace Card AND MainAssessmentQ12 NOT_CONTAINS Regional Due Diligence Infrastructure AND MainAssessmentQ4 NOT_CONTAINS View Card Details AND MainAssessmentQ29 NOT_CONTAINS Card Payment To Wise AND MainAssessmentQ1 NOT_CONTAINS Internal Audit AND MainAssessmentQ24 NOT_CONTAINS Refresh Due Diligence Cycle AND MainAssessmentQ4 NOT_CONTAINS Manage Spending Limits AND MainAssessmentQ2 CONTAINS Account and Card Cashback AND MainAssessmentQ2 CONTAINS Account Insights AND MainAssessmentQ2 CONTAINS Account Statements AND MainAssessmentQ2 CONTAINS Business Integrations AND MainAssessmentQ2 CONTAINS Customer Communication AND MainAssessmentQ2 CONTAINS Customer Feedback AND MainAssessmentQ2 CONTAINS Fund Balance Account AND MainAssessmentQ2 CONTAINS Open Balance AND MainAssessmentQ2 CONTAINS Profile Preferences And Settings AND MainAssessmentQ3 CONTAINS Create And Manage Payment Links AND MainAssessmentQ3 CONTAINS Pay With Wise Balance AND MainAssessmentQ5 CONTAINS Government Relations AND MainAssessmentQ5 CONTAINS Regulatory Expansion AND MainAssessmentQ6 CONTAINS Competitor Comparison AND MainAssessmentQ6 CONTAINS Copy And Design AND MainAssessmentQ6 CONTAINS Marketing AND MainAssessmentQ6 CONTAINS Marketing Attribution AND MainAssessmentQ6 CONTAINS Public Relations AND MainAssessmentQ6 CONTAINS Referral Program & Management AND MainAssessmentQ6 CONTAINS Wise Product Discovery AND MainAssessmentQ9 CONTAINS Discounts AND MainAssessmentQ9 CONTAINS Price Config Management AND MainAssessmentQ10 CONTAINS Trading Infrastructure AND MainAssessmentQ11 CONTAINS Android Application AND MainAssessmentQ11 CONTAINS IOS Application AND MainAssessmentQ12 CONTAINS Bankruptcy Monitoring AND MainAssessmentQ13 CONTAINS Feature Rollout And Testing AND MainAssessmentQ14 CONTAINS Employee Reward & Mobility AND MainAssessmentQ14 CONTAINS People & Organisational Development AND MainAssessmentQ14 CONTAINS People Programs & Experience AND MainAssessmentQ14 CONTAINS People Services AND MainAssessmentQ14 CONTAINS Recruitment AND MainAssessmentQ14 CONTAINS Workplace Management AND MainAssessmentQ16 CONTAINS Analytics Platform AND MainAssessmentQ16 CONTAINS Data Asset Management AND MainAssessmentQ16 CONTAINS Machine Learning Platform AND MainAssessmentQ17 CONTAINS Developer Productivity AND MainAssessmentQ18 CONTAINS Audio Video Services AND MainAssessmentQ22 CONTAINS Address Lookup AND MainAssessmentQ25 CONTAINS Help Center AND MainAssessmentQ26 CONTAINS Operations Quality Assurance AND MainAssessmentQ26 CONTAINS Operations Scheduling And Management AND MainAssessmentQ27 CONTAINS API Products Discovery AND MainAssessmentQ27 CONTAINS Wise Platform Delivery AND MainAssessmentQ27 CONTAINS Wise Platform Funding Settlement and Invoicing AND MainAssessmentQ27 CONTAINS Wise Platform Business Development AND MainAssessmentQ28 CONTAINS Business Incorporation AND MainAssessmentQ28 CONTAINS Business Onboarding AND MainAssessmentQ28 CONTAINS Feature Charge AND MainAssessmentQ28 CONTAINS Rate Alerts AND MainAssessmentQ30 CONTAINS Batch Transfer AND MainAssessmentQ30 CONTAINS Bill Payment AND MainAssessmentQ30 CONTAINS Claim Transfer AND MainAssessmentQ30 CONTAINS Money To Email AND MainAssessmentQ30 CONTAINS Recipient Details Blocking AND MainAssessmentQ30 CONTAINS Recipient Details Verification AND MainAssessmentQ30 CONTAINS Transfer Scheduling AND MainAssessmentQ30 CONTAINS Transfer Updates Communication AND MainAssessmentQ1 CONTAINS Legal AND MainAssessmentQ29 CONTAINS Customer Payment Preferences AND MainAssessmentQ29 CONTAINS Guided Bank Transfer Method AND MainAssessmentQ4 CONTAINS Pay With QR Code AND MainAssessmentQ28 CONTAINS Product Availability AND MainAssessmentQ3 CONTAINS Receive With Debit Card/Credit Card AND MainAssessmentQ27 CONTAINS Partner Servicing AND MainAssessmentQ6 CONTAINS Landing And Marketing Pages AND MainAssessmentQ18 CONTAINS Workforce Connectivity"
New Service or Third Party Onboarding,Tier B (TP),"derivedFields.risk.aggregate GREATER_THAN_OR_EQUAL_TO 40 AND derivedFields.risk.aggregate LESS_THAN_OR_EQUAL_TO 69 AND newPurchaseRequestV02-Legal, Security & Technology information-question-6 NOT_EQUAL 91140b22-a9ac-4098-86a7-3c07c6250721 AND newPurchaseRequestV02-Legal, Security & Technology information-question-6 NOT_EQUAL 91140b22-a9ac-4098-86a7-3c07c6250721"
New Service or Third Party Onboarding,BSP - Market Tier 1,"mainAssessmentBankingQuestion2 CONTAINS 23cc210b-1946-4452-9d05-00e5dbdc43be AND mainAssessmentBankingQuestion2 CONTAINS 23cc210b-1946-4452-9d05-00e5dbdc43be AND mainAssessmentBankingQuestion2 CONTAINS 23cc210b-1946-4452-9d05-00e5dbdc43be AND mainAssessmentBankingQuestion2 CONTAINS 23cc210b-1946-4452-9d05-00e5dbdc43be AND newPurchaseRequestV02-Legal, Security & Technology information-question-6 EQUAL 91140b22-a9ac-4098-86a7-3c07c6250721 AND newPurchaseRequestV02-Legal, Security & Technology information-question-6 EQUAL 91140b22-a9ac-4098-86a7-3c07c6250721"
New Service or Third Party Onboarding,Other types of non-public data = TRUE,mainAssessmentBankingQuestion10 EQUAL Other types of non-public Wise data AND MainAssessmentQ42 EQUAL Other types of non-public Wise data AND mainAssessmentBankingQuestion10 EQUAL Both AND MainAssessmentQ42 EQUAL Both
New Service or Third Party Onboarding,Criticality = Tier 4,mainAssessmentBankingQuestion22 EQUAL Not applicable AND MainAssessmentQ68 EQUAL Not applicable
New Service or Third Party Onboarding,Customer PII = TRUE,MainAssessmentQ44 EQUAL Under 300K AND MainAssessmentQ44 EQUAL 300K-1M AND MainAssessmentQ44 EQUAL Over 1M
New Service or Third Party Onboarding,BSP - Market Tier 3,"mainAssessmentBankingQuestion2 NOT_CONTAINS 23cc210b-1946-4452-9d05-00e5dbdc43be AND mainAssessmentBankingQuestion2 NOT_CONTAINS 23cc210b-1946-4452-9d05-00e5dbdc43be AND mainAssessmentBankingQuestion2 NOT_CONTAINS 23cc210b-1946-4452-9d05-00e5dbdc43be AND mainAssessmentBankingQuestion2 NOT_CONTAINS 23cc210b-1946-4452-9d05-00e5dbdc43be AND mainAssessmentBankingQuestion2 NOT_CONTAINS 23cc210b-1946-4452-9d05-00e5dbdc43be AND mainAssessmentBankingQuestion2 NOT_CONTAINS 23cc210b-1946-4452-9d05-00e5dbdc43be AND mainAssessmentBankingQuestion2 NOT_CONTAINS 23cc210b-1946-4452-9d05-00e5dbdc43be AND mainAssessmentBankingQuestion2 NOT_CONTAINS 23cc210b-1946-4452-9d05-00e5dbdc43be AND mainAssessmentBankingQuestion2 NOT_CONTAINS 23cc210b-1946-4452-9d05-00e5dbdc43be AND mainAssessmentBankingQuestion2 NOT_CONTAINS 23cc210b-1946-4452-9d05-00e5dbdc43be AND mainAssessmentBankingQuestion2 NOT_CONTAINS 23cc210b-1946-4452-9d05-00e5dbdc43be AND mainAssessmentBankingQuestion2 NOT_CONTAINS 23cc210b-1946-4452-9d05-00e5dbdc43be AND mainAssessmentBankingQuestion2 NOT_CONTAINS 23cc210b-1946-4452-9d05-00e5dbdc43be AND mainAssessmentBankingQuestion2 NOT_CONTAINS 23cc210b-1946-4452-9d05-00e5dbdc43be AND mainAssessmentBankingQuestion2 NOT_CONTAINS 23cc210b-1946-4452-9d05-00e5dbdc43be AND mainAssessmentBankingQuestion2 NOT_CONTAINS 23cc210b-1946-4452-9d05-00e5dbdc43be AND mainAssessmentBankingQuestion2 NOT_CONTAINS 23cc210b-1946-4452-9d05-00e5dbdc43be AND mainAssessmentBankingQuestion2 NOT_CONTAINS 23cc210b-1946-4452-9d05-00e5dbdc43be AND mainAssessmentBankingQuestion2 NOT_CONTAINS 23cc210b-1946-4452-9d05-00e5dbdc43be AND mainAssessmentBankingQuestion2 NOT_CONTAINS 23cc210b-1946-4452-9d05-00e5dbdc43be AND mainAssessmentBankingQuestion2 NOT_CONTAINS 23cc210b-1946-4452-9d05-00e5dbdc43be AND mainAssessmentBankingQuestion2 NOT_CONTAINS 23cc210b-1946-4452-9d05-00e5dbdc43be AND mainAssessmentBankingQuestion2 NOT_CONTAINS 23cc210b-1946-4452-9d05-00e5dbdc43be AND mainAssessmentBankingQuestion2 NOT_CONTAINS 23cc210b-1946-4452-9d05-00e5dbdc43be AND mainAssessmentBankingQuestion2 NOT_CONTAINS 23cc210b-1946-4452-9d05-00e5dbdc43be AND mainAssessmentBankingQuestion2 NOT_CONTAINS 23cc210b-1946-4452-9d05-00e5dbdc43be AND mainAssessmentBankingQuestion2 NOT_CONTAINS 23cc210b-1946-4452-9d05-00e5dbdc43be AND mainAssessmentBankingQuestion2 NOT_CONTAINS 23cc210b-1946-4452-9d05-00e5dbdc43be AND mainAssessmentBankingQuestion2 NOT_CONTAINS 23cc210b-1946-4452-9d05-00e5dbdc43be AND mainAssessmentBankingQuestion2 NOT_CONTAINS 23cc210b-1946-4452-9d05-00e5dbdc43be AND mainAssessmentBankingQuestion2 NOT_CONTAINS 23cc210b-1946-4452-9d05-00e5dbdc43be AND mainAssessmentBankingQuestion2 NOT_CONTAINS 23cc210b-1946-4452-9d05-00e5dbdc43be AND mainAssessmentBankingQuestion2 NOT_CONTAINS 23cc210b-1946-4452-9d05-00e5dbdc43be AND mainAssessmentBankingQuestion2 NOT_CONTAINS 23cc210b-1946-4452-9d05-00e5dbdc43be AND mainAssessmentBankingQuestion2 NOT_CONTAINS 23cc210b-1946-4452-9d05-00e5dbdc43be AND mainAssessmentBankingQuestion2 NOT_CONTAINS 23cc210b-1946-4452-9d05-00e5dbdc43be AND mainAssessmentBankingQuestion2 CONTAINS 23cc210b-1946-4452-9d05-00e5dbdc43be AND mainAssessmentBankingQuestion2 CONTAINS 23cc210b-1946-4452-9d05-00e5dbdc43be AND mainAssessmentBankingQuestion2 CONTAINS 23cc210b-1946-4452-9d05-00e5dbdc43be AND mainAssessmentBankingQuestion2 CONTAINS 23cc210b-1946-4452-9d05-00e5dbdc43be AND mainAssessmentBankingQuestion2 CONTAINS 23cc210b-1946-4452-9d05-00e5dbdc43be AND mainAssessmentBankingQuestion2 CONTAINS 23cc210b-1946-4452-9d05-00e5dbdc43be AND mainAssessmentBankingQuestion2 CONTAINS 23cc210b-1946-4452-9d05-00e5dbdc43be AND mainAssessmentBankingQuestion2 CONTAINS 23cc210b-1946-4452-9d05-00e5dbdc43be AND mainAssessmentBankingQuestion2 CONTAINS 23cc210b-1946-4452-9d05-00e5dbdc43be AND mainAssessmentBankingQuestion2 CONTAINS 23cc210b-1946-4452-9d05-00e5dbdc43be AND mainAssessmentBankingQuestion2 CONTAINS 23cc210b-1946-4452-9d05-00e5dbdc43be AND mainAssessmentBankingQuestion2 CONTAINS 23cc210b-1946-4452-9d05-00e5dbdc43be AND mainAssessmentBankingQuestion2 CONTAINS 23cc210b-1946-4452-9d05-00e5dbdc43be AND mainAssessmentBankingQuestion2 CONTAINS 23cc210b-1946-4452-9d05-00e5dbdc43be AND mainAssessmentBankingQuestion2 CONTAINS 23cc210b-1946-4452-9d05-00e5dbdc43be AND mainAssessmentBankingQuestion2 CONTAINS 23cc210b-1946-4452-9d05-00e5dbdc43be AND mainAssessmentBankingQuestion2 CONTAINS 23cc210b-1946-4452-9d05-00e5dbdc43be AND newPurchaseRequestV02-Legal, Security & Technology information-question-6 EQUAL 91140b22-a9ac-4098-86a7-3c07c6250721 AND newPurchaseRequestV02-Legal, Security & Technology information-question-6 EQUAL 91140b22-a9ac-4098-86a7-3c07c6250721"
New Service or Third Party Onboarding,UT = TRUE,MainAssessmentQ54 EQUAL Yes
New Service or Third Party Onboarding,Tier C (TP),"derivedFields.risk.aggregate LESS_THAN 40 AND derivedFields.risk.aggregate GREATER_THAN_OR_EQUAL_TO 1 AND newPurchaseRequestV02-Legal, Security & Technology information-question-6 NOT_EQUAL 91140b22-a9ac-4098-86a7-3c07c6250721 AND newPurchaseRequestV02-Legal, Security & Technology information-question-6 NOT_EQUAL 91140b22-a9ac-4098-86a7-3c07c6250721"
New Service or Third Party Onboarding,Light Touch Supplier,"newPurchaseRequestV02-Legal, Security & Technology information-question-6 EQUAL 91140b22-a9ac-4098-86a7-3c07c6250721 AND newPurchaseRequestV02-Legal, Security & Technology information-question-6 EQUAL 91140b22-a9ac-4098-86a7-3c07c6250721 AND newPurchaseRequestV02-Legal, Security & Technology information-question-6 EQUAL 91140b22-a9ac-4098-86a7-3c07c6250721 AND newPurchaseRequestV02-Legal, Security & Technology information-question-6 EQUAL 91140b22-a9ac-4098-86a7-3c07c6250721 AND newPurchaseRequestV02-Legal, Security & Technology information-question-6 EQUAL 91140b22-a9ac-4098-86a7-3c07c6250721 AND newPurchaseRequestV02-Legal, Security & Technology information-question-6 EQUAL 91140b22-a9ac-4098-86a7-3c07c6250721 AND newPurchaseRequestV02-Legal, Security & Technology information-question-6 EQUAL 91140b22-a9ac-4098-86a7-3c07c6250721 AND newPurchaseRequestV02-Legal, Security & Technology information-question-6 EQUAL 91140b22-a9ac-4098-86a7-3c07c6250721 AND newPurchaseRequestV02-Legal, Security & Technology information-question-6 EQUAL 91140b22-a9ac-4098-86a7-3c07c6250721 AND newPurchaseRequestV02-Legal, Security & Technology information-question-6 EQUAL 91140b22-a9ac-4098-86a7-3c07c6250721 AND newPurchaseRequestV02-Legal, Security & Technology information-question-6 EQUAL 91140b22-a9ac-4098-86a7-3c07c6250721 AND newPurchaseRequestV02-Legal, Security & Technology information-question-6 EQUAL 91140b22-a9ac-4098-86a7-3c07c6250721 AND newPurchaseRequestV02-Legal, Security & Technology information-question-6 EQUAL 91140b22-a9ac-4098-86a7-3c07c6250721 AND newPurchaseRequestV02-Legal, Security & Technology information-question-6 EQUAL 91140b22-a9ac-4098-86a7-3c07c6250721 AND newPurchaseRequestV02-Legal, Security & Technology information-question-6 EQUAL 91140b22-a9ac-4098-86a7-3c07c6250721 AND newPurchaseRequestV03-page-5-question-7 EQUAL false AND newPurchaseRequestV02-Legal, Security & Technology information-question-6 EQUAL 91140b22-a9ac-4098-86a7-3c07c6250721 AND newPurchaseRequestV02-Legal, Security & Technology information-question-6 EQUAL 91140b22-a9ac-4098-86a7-3c07c6250721 AND newPurchaseRequestV02-Legal, Security & Technology information-question-6 EQUAL 91140b22-a9ac-4098-86a7-3c07c6250721 AND newPurchaseRequestV02-Legal, Security & Technology information-question-6 EQUAL 91140b22-a9ac-4098-86a7-3c07c6250721 AND newPurchaseRequestV02-Legal, Security & Technology information-question-6 EQUAL 91140b22-a9ac-4098-86a7-3c07c6250721 AND newPurchaseRequestV02-Legal, Security & Technology information-question-6 EQUAL 91140b22-a9ac-4098-86a7-3c07c6250721 AND newPurchaseRequestV02-Legal, Security & Technology information-question-6 EQUAL 91140b22-a9ac-4098-86a7-3c07c6250721 AND newPurchaseRequestV02-Legal, Security & Technology information-question-6 EQUAL 91140b22-a9ac-4098-86a7-3c07c6250721 AND newPurchaseRequestV02-Legal, Security & Technology information-question-6 EQUAL 91140b22-a9ac-4098-86a7-3c07c6250721 AND newPurchaseRequestV02-Legal, Security & Technology information-question-6 EQUAL 91140b22-a9ac-4098-86a7-3c07c6250721 AND newPurchaseRequestV02-Legal, Security & Technology information-question-6 EQUAL 91140b22-a9ac-4098-86a7-3c07c6250721 AND newPurchaseRequestV02-Legal, Security & Technology information-question-6 EQUAL 91140b22-a9ac-4098-86a7-3c07c6250721 AND newPurchaseRequestV02-Legal, Security & Technology information-question-6 EQUAL 91140b22-a9ac-4098-86a7-3c07c6250721 AND newPurchaseRequestV02-Legal, Security & Technology information-question-6 EQUAL 91140b22-a9ac-4098-86a7-3c07c6250721 AND newPurchaseRequestV02-Legal, Security & Technology information-question-6 EQUAL 91140b22-a9ac-4098-86a7-3c07c6250721 AND newPurchaseRequestV02-Legal, Security & Technology information-question-6 EQUAL 91140b22-a9ac-4098-86a7-3c07c6250721 AND newPurchaseRequestV02-Legal, Security & Technology information-question-6 EQUAL 91140b22-a9ac-4098-86a7-3c07c6250721 AND newPurchaseRequestV02-Legal, Security & Technology information-question-6 EQUAL 91140b22-a9ac-4098-86a7-3c07c6250721 AND newPurchaseRequestV02-Legal, Security & Technology information-question-6 EQUAL 91140b22-a9ac-4098-86a7-3c07c6250721 AND newPurchaseRequestV02-Legal, Security & Technology information-question-6 EQUAL 91140b22-a9ac-4098-86a7-3c07c6250721 AND newPurchaseRequestV02-Legal, Security & Technology information-question-6 EQUAL 91140b22-a9ac-4098-86a7-3c07c6250721 AND MainAssessmentQ54 NOT_EQUAL Yes AND MainAssessmentQ48 NOT_EQUAL Yes AND MainAssessmentQ54 EQUAL No AND newPurchaseRequestV02-Legal, Security & Technology information-question-6 EQUAL 91140b22-a9ac-4098-86a7-3c07c6250721 AND newPurchaseRequestV02-Legal, Security & Technology information-question-6 EQUAL 91140b22-a9ac-4098-86a7-3c07c6250721 AND newPurchaseRequestV02-Legal, Security & Technology information-question-6 EQUAL 91140b22-a9ac-4098-86a7-3c07c6250721 AND newPurchaseRequestV02-Legal, Security & Technology information-question-6 EQUAL 91140b22-a9ac-4098-86a7-3c07c6250721 AND newPurchaseRequestV02-Legal, Security & Technology information-question-6 EQUAL 91140b22-a9ac-4098-86a7-3c07c6250721 AND newPurchaseRequestV02-Legal, Security & Technology information-question-6 EQUAL 91140b22-a9ac-4098-86a7-3c07c6250721 AND newPurchaseRequestV02-Legal, Security & Technology information-question-6 EQUAL 91140b22-a9ac-4098-86a7-3c07c6250721 AND newPurchaseRequestV02-Legal, Security & Technology information-question-6 EQUAL 91140b22-a9ac-4098-86a7-3c07c6250721 AND newPurchaseRequestV02-Legal, Security & Technology information-question-6 EQUAL 91140b22-a9ac-4098-86a7-3c07c6250721 AND newPurchaseRequestV02-Legal, Security & Technology information-question-6 EQUAL 91140b22-a9ac-4098-86a7-3c07c6250721 AND newPurchaseRequestV02-Legal, Security & Technology information-question-6 EQUAL 91140b22-a9ac-4098-86a7-3c07c6250721 AND newPurchaseRequestV03-page-5-question-7 NOT_EQUAL true AND MainAssessmentQ48 NOT_EQUAL Yes AND MainAssessmentQ48 EQUAL No AND newPurchaseRequestV02-Legal, Security & Technology information-question-6 EQUAL 91140b22-a9ac-4098-86a7-3c07c6250721 AND newPurchaseRequestV02-Legal, Security & Technology information-question-6 EQUAL 91140b22-a9ac-4098-86a7-3c07c6250721 AND newPurchaseRequestV02-Legal, Security & Technology information-question-6 EQUAL 91140b22-a9ac-4098-86a7-3c07c6250721 AND newPurchaseRequestV03-page-5-question-7 NOT_EQUAL true AND MainAssessmentQ54 NOT_EQUAL Yes AND newPurchaseRequestV02-Legal, Security & Technology information-question-6 EQUAL 91140b22-a9ac-4098-86a7-3c07c6250721"
New Service or Third Party Onboarding,Materiality Substitutability = Instant Replacement,MainAssessmentQ57 EQUAL Instant AND mainAssessmentBanking-MainAssessmentSection4-question-5 EQUAL Instant
New Service or Third Party Onboarding,Third Party Supplier,"newPurchaseRequestV02-Legal, Security & Technology information-question-6 NOT_EQUAL 91140b22-a9ac-4098-86a7-3c07c6250721 AND newPurchaseRequestV02-Legal, Security & Technology information-question-6 NOT_EQUAL 91140b22-a9ac-4098-86a7-3c07c6250721"
New Service or Third Party Onboarding,Tier D (BP),"derivedFields.risk.aggregate EQUAL 0 AND newPurchaseRequestV02-Legal, Security & Technology information-question-6 EQUAL 91140b22-a9ac-4098-86a7-3c07c6250721 AND newPurchaseRequestV02-Legal, Security & Technology information-question-6 EQUAL 91140b22-a9ac-4098-86a7-3c07c6250721"
New Service or Third Party Onboarding,Outsourcing = No,"MainAssessmentQ2 CONTAINS Account and Card Cashback AND MainAssessmentQ2 CONTAINS Account Balance Management AND MainAssessmentQ2 CONTAINS Account Insights AND MainAssessmentQ2 CONTAINS Account Statements AND MainAssessmentQ2 CONTAINS Investment Management AND MainAssessmentQ2 CONTAINS Business Integrations AND MainAssessmentQ2 CONTAINS Convert Between Currencies AND MainAssessmentQ2 CONTAINS Customer Communication AND MainAssessmentQ2 CONTAINS Customer Feedback AND MainAssessmentQ2 CONTAINS Fund Balance Account AND MainAssessmentQ2 CONTAINS Manage Transactions And Activities AND MainAssessmentQ2 CONTAINS Move Money From Balance AND MainAssessmentQ2 CONTAINS Multiuser Access And Approvals AND MainAssessmentQ2 CONTAINS Open Balance AND MainAssessmentQ2 CONTAINS Profile Preferences And Settings AND MainAssessmentQ3 CONTAINS Account Details Allocation And Management AND MainAssessmentQ3 CONTAINS Create And Manage Payment Links AND MainAssessmentQ3 CONTAINS Pay With Wise Balance AND MainAssessmentQ3 CONTAINS Receive With Bank Transfer AND MainAssessmentQ3 CONTAINS Receive With Debit Card/Credit Card AND MainAssessmentQ4 CONTAINS Card Management AND MainAssessmentQ4 CONTAINS Card Tokenisation AND MainAssessmentQ4 CONTAINS Debit / Credit With Card AND MainAssessmentQ4 CONTAINS Manage Spending Limits AND MainAssessmentQ4 CONTAINS Order Or Replace Card AND MainAssessmentQ4 CONTAINS Pay With QR Code AND MainAssessmentQ4 CONTAINS View Card Details AND MainAssessmentQ5 CONTAINS Government Relations AND MainAssessmentQ5 CONTAINS Regulatory Expansion AND MainAssessmentQ6 CONTAINS Competitor Comparison AND MainAssessmentQ6 CONTAINS Copy And Design AND MainAssessmentQ6 CONTAINS Landing And Marketing Pages AND MainAssessmentQ6 CONTAINS Marketing AND MainAssessmentQ6 CONTAINS Marketing Attribution AND MainAssessmentQ6 CONTAINS Public Relations AND MainAssessmentQ6 CONTAINS Referral Program & Management AND MainAssessmentQ6 CONTAINS Wise Product Discovery AND MainAssessmentQ9 CONTAINS Discounts AND MainAssessmentQ9 CONTAINS Fee Pricing AND MainAssessmentQ9 CONTAINS Price Config Management AND MainAssessmentQ10 CONTAINS Market Data AND MainAssessmentQ10 CONTAINS Trading Infrastructure AND MainAssessmentQ1 EQUAL Legal AND MainAssessmentQ11 CONTAINS Android Application AND MainAssessmentQ11 CONTAINS Backoffice AND MainAssessmentQ11 CONTAINS IOS Application AND MainAssessmentQ11 CONTAINS Public Web Application AND MainAssessmentQ12 CONTAINS Bankruptcy Monitoring AND MainAssessmentQ12 CONTAINS Regional Payment Infrastructure AND MainAssessmentQ13 CONTAINS Banking Partner Account Statement Fetching AND MainAssessmentQ13 CONTAINS Direct Debits AND MainAssessmentQ13 CONTAINS Feature Rollout And Testing AND MainAssessmentQ13 CONTAINS Payment Linking AND MainAssessmentQ13 CONTAINS Payment Routing AND MainAssessmentQ14 CONTAINS Employee Reward & Mobility AND MainAssessmentQ14 CONTAINS People & Organisational Development AND MainAssessmentQ14 CONTAINS People Programs & Experience AND MainAssessmentQ14 CONTAINS People Services AND MainAssessmentQ14 CONTAINS Recruitment AND MainAssessmentQ14 CONTAINS Workplace Management AND MainAssessmentQ15 CONTAINS Compute And Service Mesh AND MainAssessmentQ15 CONTAINS Networking AND MainAssessmentQ15 CONTAINS Secret Management AND MainAssessmentQ16 CONTAINS Analytics Platform AND MainAssessmentQ16 CONTAINS Data Asset Management AND MainAssessmentQ16 CONTAINS Database Management AND MainAssessmentQ16 CONTAINS Machine Learning Platform AND MainAssessmentQ16 CONTAINS Real Time Data Platform AND MainAssessmentQ17 CONTAINS Developer Productivity AND MainAssessmentQ18 CONTAINS Audio Video Services AND MainAssessmentQ18 CONTAINS Workforce Connectivity AND MainAssessmentQ18 CONTAINS Workforce Device Management AND MainAssessmentQ18 CONTAINS Workforce Identity and Access Management AND MainAssessmentQ18 CONTAINS Workforce Productivity AND MainAssessmentQ20 CONTAINS Security Logging & Monitoring AND MainAssessmentQ20 CONTAINS Vulnerability Management AND MainAssessmentQ22 CONTAINS Address Lookup AND MainAssessmentQ25 CONTAINS Customer Support Request Handling Infrastructure AND MainAssessmentQ25 CONTAINS Customer Support Service AND MainAssessmentQ25 CONTAINS Help Center AND MainAssessmentQ26 CONTAINS Operations Quality Assurance AND MainAssessmentQ26 CONTAINS Operations Scheduling And Management AND MainAssessmentQ27 CONTAINS API Orchestration AND MainAssessmentQ27 CONTAINS API Products Discovery AND MainAssessmentQ27 CONTAINS Correspondent Services AND MainAssessmentQ28 CONTAINS Business Incorporation AND MainAssessmentQ28 CONTAINS Business Onboarding AND MainAssessmentQ28 CONTAINS Customer Login Management AND MainAssessmentQ28 CONTAINS Feature Charge AND MainAssessmentQ28 CONTAINS Onboarding Experience AND MainAssessmentQ28 CONTAINS Product Availability AND MainAssessmentQ28 CONTAINS Rate Alerts AND MainAssessmentQ29 CONTAINS Card Payment To Wise AND MainAssessmentQ29 CONTAINS Connected Accounts AND MainAssessmentQ29 CONTAINS Customer Payment Preferences AND MainAssessmentQ29 CONTAINS Guided Bank Transfer Method AND MainAssessmentQ29 CONTAINS Manual Bank Transfer AND MainAssessmentQ30 CONTAINS Batch Transfer AND MainAssessmentQ30 CONTAINS Bill Payment AND MainAssessmentQ30 CONTAINS Claim Transfer AND MainAssessmentQ30 CONTAINS Delivery Estimation AND MainAssessmentQ30 CONTAINS Money To Email AND MainAssessmentQ30 CONTAINS Quote Management AND MainAssessmentQ30 CONTAINS Recipient Details Blocking AND MainAssessmentQ30 CONTAINS Recipient Details Verification AND MainAssessmentQ30 CONTAINS Recipient Management AND MainAssessmentQ30 CONTAINS Transfer Creation And Management AND MainAssessmentQ30 CONTAINS Transfer Scheduling AND MainAssessmentQ30 CONTAINS Transfer Updates Communication AND MainAssessmentQ27 CONTAINS Partner Onboarding, Management & Access AND MainAssessmentQ27 CONTAINS Wise Platform Business Development AND MainAssessmentQ27 CONTAINS Wise Platform Delivery AND MainAssessmentQ27 CONTAINS Wise Platform Funding Settlement and Invoicing AND MainAssessmentQ4 NOT_CONTAINS Card Disputes / Fraud Prevention AND MainAssessmentQ4 NOT_EQUAL Card Settlement & Reco AND MainAssessmentQ7 NOT_CONTAINS Compliance Training AND MainAssessmentQ7 NOT_CONTAINS Regulatory Product Compliance AND MainAssessmentQ7 NOT_CONTAINS Compliance Oversight (2LOD Compliance) AND MainAssessmentQ8 NOT_CONTAINS Finance Controls AND MainAssessmentQ8 NOT_CONTAINS Finance Ledgering AND MainAssessmentQ8 NOT_CONTAINS Finance Reporting AND MainAssessmentQ9 NOT_CONTAINS Fee Reconciliation AND MainAssessmentQ10 NOT_CONTAINS Exposure Management AND MainAssessmentQ10 NOT_CONTAINS Liquidity Management AND MainAssessmentQ10 NOT_CONTAINS Rate Gamer Detection AND MainAssessmentQ10 NOT_CONTAINS Safeguarding AND MainAssessmentQ1 NOT_EQUAL Internal Audit AND MainAssessmentQ12 NOT_CONTAINS Regional Due Diligence Infrastructure AND MainAssessmentQ12 NOT_CONTAINS Regional Product Compliance Infrastructure AND MainAssessmentQ13 NOT_EQUAL Payment Processing AND MainAssessmentQ13 NOT_CONTAINS RFI Processing AND MainAssessmentQ16 NOT_CONTAINS Data Archiving AND MainAssessmentQ17 NOT_CONTAINS Continuous Integration / Continuous Delivery AND MainAssessmentQ19 NOT_CONTAINS Incident Management AND MainAssessmentQ19 NOT_CONTAINS Logging Infrastructure AND MainAssessmentQ19 NOT_CONTAINS Monitoring And Alerting AND MainAssessmentQ20 NOT_CONTAINS Backoffice Authorization AND MainAssessmentQ20 NOT_CONTAINS Data Privacy & Governance AND MainAssessmentQ20 NOT_CONTAINS Security Governance AND MainAssessmentQ20 NOT_CONTAINS Threat Management AND MainAssessmentQ20 NOT_CONTAINS Threat Management AND MainAssessmentQ1 NOT_EQUAL Risk Management AND MainAssessmentQ21 NOT_CONTAINS Customer/Transaction Screening AND MainAssessmentQ21 NOT_CONTAINS Fincrime Case Handling AND MainAssessmentQ22 NOT_CONTAINS Customer Decision Tracking AND MainAssessmentQ22 NOT_CONTAINS Fincrime Data Collection And Event Ledger AND MainAssessmentQ22 NOT_CONTAINS Fincrime Servicing Platform AND MainAssessmentQ23 NOT_CONTAINS Customer Reimbursement AND MainAssessmentQ23 NOT_CONTAINS Fraud And Scam Prevention AND MainAssessmentQ24 NOT_CONTAINS AML Intelligence AND MainAssessmentQ24 NOT_CONTAINS AML Investigations AND MainAssessmentQ24 NOT_CONTAINS Due Diligence Rule Engine AND MainAssessmentQ24 NOT_CONTAINS Refresh Due Diligence Cycle AND MainAssessmentQ24 NOT_CONTAINS SAR Reporting AND MainAssessmentQ24 NOT_CONTAINS Surveillance Intelligence AND MainAssessmentQ25 NOT_CONTAINS Handle Customer Complaints AND MainAssessmentQ26 NOT_CONTAINS Customer Verification Infrastructure AND MainAssessmentQ26 NOT_CONTAINS Perform Enhanced Due Diligence Checks On Customers AND MainAssessmentQ26 NOT_CONTAINS Perform Required KYC Checks On Business Customers At Onboarding AND MainAssessmentQ26 NOT_CONTAINS Personal Customers Verification At Onboarding AND MainAssessmentQ1 NOT_EQUAL Third Party Management AND MainAssessmentQ28 NOT_CONTAINS Customer Authentication AND MainAssessmentQ28 NOT_EQUAL Profile Management AND MainAssessmentQ71 NOT_EQUAL Fully move it in-house AND MainAssessmentQ57 NOT_EQUAL Instant AND mainAssessmentBanking-MainAssessmentSection4-question-5 NOT_EQUAL Easy AND MainAssessmentQ71 NOT_EQUAL Fully move it in-house"
New Service or Third Party Onboarding,CIF = TRUE,"MainAssessmentQ2 CONTAINS Account Balance Management AND MainAssessmentQ2 CONTAINS Investment Management AND MainAssessmentQ2 CONTAINS Convert Between Currencies AND MainAssessmentQ2 CONTAINS Manage Transactions And Activities AND MainAssessmentQ2 CONTAINS Move Money From Balance AND MainAssessmentQ2 CONTAINS Multiuser Access And Approvals AND MainAssessmentQ3 CONTAINS Account Details Allocation And Management AND MainAssessmentQ3 CONTAINS Receive With Bank Transfer AND MainAssessmentQ7 CONTAINS Compliance Training AND MainAssessmentQ7 CONTAINS Regulatory Product Compliance AND MainAssessmentQ8 CONTAINS Finance Controls AND MainAssessmentQ8 CONTAINS Finance Ledgering AND MainAssessmentQ8 CONTAINS Finance Reporting AND MainAssessmentQ9 CONTAINS Fee Pricing AND MainAssessmentQ9 CONTAINS Fee Reconciliation AND MainAssessmentQ10 CONTAINS Exposure Management AND MainAssessmentQ10 CONTAINS Liquidity Management AND MainAssessmentQ10 CONTAINS Market Data AND MainAssessmentQ10 CONTAINS Rate Gamer Detection AND MainAssessmentQ10 EQUAL Safeguarding AND MainAssessmentQ11 CONTAINS Backoffice AND MainAssessmentQ11 CONTAINS Public Web Application AND MainAssessmentQ12 CONTAINS Open Banking Account Access AND MainAssessmentQ12 CONTAINS Regional Payment Infrastructure AND MainAssessmentQ12 CONTAINS Regional Product Compliance Infrastructure AND MainAssessmentQ13 CONTAINS Banking Partner Account Statement Fetching AND MainAssessmentQ13 CONTAINS Direct Debits AND MainAssessmentQ13 CONTAINS Payment Linking AND MainAssessmentQ13 CONTAINS Payment Processing AND MainAssessmentQ13 CONTAINS Payment Routing AND MainAssessmentQ13 CONTAINS RFI Processing AND MainAssessmentQ15 CONTAINS Compute And Service Mesh AND MainAssessmentQ15 CONTAINS Networking AND MainAssessmentQ15 CONTAINS Secret Management AND MainAssessmentQ16 CONTAINS Data Archiving AND MainAssessmentQ16 CONTAINS Database Management AND MainAssessmentQ16 CONTAINS Real Time Data Platform AND MainAssessmentQ17 CONTAINS Continuous Integration / Continuous Delivery AND MainAssessmentQ18 CONTAINS Workforce Device Management AND MainAssessmentQ18 CONTAINS Workforce Identity and Access Management AND MainAssessmentQ18 CONTAINS Workforce Productivity AND MainAssessmentQ19 CONTAINS Incident Management AND MainAssessmentQ19 CONTAINS Logging Infrastructure AND MainAssessmentQ19 CONTAINS Monitoring And Alerting AND MainAssessmentQ20 CONTAINS Backoffice Authorization AND MainAssessmentQ20 CONTAINS Data Privacy & Governance AND MainAssessmentQ20 CONTAINS Security Governance AND MainAssessmentQ20 CONTAINS Security Logging & Monitoring AND MainAssessmentQ20 CONTAINS Threat Management AND MainAssessmentQ20 CONTAINS Vulnerability Management AND MainAssessmentQ21 CONTAINS Customer/Transaction Screening AND MainAssessmentQ21 CONTAINS Fincrime Case Handling AND MainAssessmentQ22 CONTAINS Customer Decision Tracking AND MainAssessmentQ22 CONTAINS Fincrime Data Collection And Event Ledger AND MainAssessmentQ22 CONTAINS Fincrime Servicing Platform AND MainAssessmentQ23 CONTAINS Customer Reimbursement AND MainAssessmentQ23 CONTAINS Fraud And Scam Prevention AND MainAssessmentQ24 CONTAINS AML Intelligence AND MainAssessmentQ24 CONTAINS AML Investigations AND MainAssessmentQ24 CONTAINS Due Diligence Rule Engine AND MainAssessmentQ24 CONTAINS Law Enforcement And RFIs AND MainAssessmentQ24 CONTAINS SAR Reporting AND MainAssessmentQ24 CONTAINS Surveillance Intelligence AND MainAssessmentQ25 CONTAINS Customer Support Request Handling Infrastructure AND MainAssessmentQ25 CONTAINS Customer Support Service AND MainAssessmentQ25 CONTAINS Handle Customer Complaints AND MainAssessmentQ26 CONTAINS Customer Verification Infrastructure AND MainAssessmentQ26 CONTAINS Perform Enhanced Due Diligence Checks On Customers AND MainAssessmentQ26 CONTAINS Perform Required KYC Checks On Business Customers At Onboarding AND MainAssessmentQ26 CONTAINS Personal Customers Verification At Onboarding AND MainAssessmentQ27 CONTAINS API Orchestration AND MainAssessmentQ27 CONTAINS Correspondent Services AND MainAssessmentQ27 CONTAINS Partner Onboarding, Management & Access AND MainAssessmentQ28 CONTAINS Customer Authentication AND MainAssessmentQ28 CONTAINS Customer Authorisation AND MainAssessmentQ28 CONTAINS Customer Login Management AND MainAssessmentQ28 CONTAINS Profile Management AND MainAssessmentQ30 CONTAINS Delivery Estimation AND MainAssessmentQ30 CONTAINS Quote Management AND MainAssessmentQ30 CONTAINS Recipient Management AND MainAssessmentQ30 CONTAINS Transfer Creation And Management AND MainAssessmentQ1 CONTAINS Risk Management AND MainAssessmentQ1 CONTAINS Third Party Management AND MainAssessmentQ4 CONTAINS Card Disputes / Fraud Prevention AND MainAssessmentQ4 CONTAINS Card Management AND MainAssessmentQ4 CONTAINS Card Settlement & Reco AND MainAssessmentQ4 CONTAINS Card Tokenisation AND MainAssessmentQ7 CONTAINS Compliance Oversight (2LOD Compliance) AND MainAssessmentQ29 CONTAINS Connected Accounts AND MainAssessmentQ4 CONTAINS Debit / Credit With Card AND MainAssessmentQ4 CONTAINS Manage Spending Limits AND MainAssessmentQ29 CONTAINS Manual Bank Transfer AND MainAssessmentQ28 CONTAINS Onboarding Experience AND MainAssessmentQ4 CONTAINS Order Or Replace Card AND MainAssessmentQ12 CONTAINS Regional Due Diligence Infrastructure AND MainAssessmentQ4 CONTAINS View Card Details AND MainAssessmentQ29 CONTAINS Card Payment To Wise AND MainAssessmentQ1 CONTAINS Internal Audit AND MainAssessmentQ24 CONTAINS Refresh Due Diligence Cycle AND MainAssessmentQ4 CONTAINS Manage Spending Limits"
New Service or Third Party Onboarding,DORA ICT Services = YES,trpmReviewApproval-Question1 EQUAL Yes
New Service or Third Party Onboarding,POC = TRUE,newPurchaseRequestV02-page-4-question-1 EQUAL Trial / Proof of concept
New Service or Third Party Onboarding,Banking Supplier,"newPurchaseRequestV02-Legal, Security & Technology information-question-6 EQUAL 91140b22-a9ac-4098-86a7-3c07c6250721 AND newPurchaseRequestV02-Legal, Security & Technology information-question-6 EQUAL 91140b22-a9ac-4098-86a7-3c07c6250721"
New Service or Third Party Onboarding,Data Processed = TRUE,mainAssessmentBankingQuestion10 EQUAL Both AND MainAssessmentQ42 EQUAL Both AND MainAssessmentQ42 EQUAL Personal Data AND mainAssessmentBankingQuestion10 EQUAL Personal Data AND mainAssessmentBankingQuestion10 EQUAL Other types of non-public Wise data AND MainAssessmentQ42 EQUAL Other types of non-public Wise data
New Service or Third Party Onboarding,BC vendor P1,bcVendorMigrationTier-bcVendorMigrationTier-question-2 EQUAL P1
New Service or Third Party Onboarding,BC vendor P2,bcVendorMigrationTier-bcVendorMigrationTier-question-2 EQUAL P2
New Service or Third Party Onboarding,BC vendor P3,bcVendorMigrationTier-bcVendorMigrationTier-question-2 EQUAL P3
New Service or Third Party Onboarding,BC vendor P4,bcVendorMigrationTier-bcVendorMigrationTier-question-2 EQUAL P4
New Service or Third Party Onboarding,Full TPRM Category,"newPurchaseRequestV02-Legal, Security & Technology information-question-6 EQUAL 91140b22-a9ac-4098-86a7-3c07c6250721 AND newPurchaseRequestV02-Legal, Security & Technology information-question-6 EQUAL 91140b22-a9ac-4098-86a7-3c07c6250721 AND newPurchaseRequestV02-Legal, Security & Technology information-question-6 EQUAL 91140b22-a9ac-4098-86a7-3c07c6250721 AND newPurchaseRequestV02-Legal, Security & Technology information-question-6 EQUAL 91140b22-a9ac-4098-86a7-3c07c6250721 AND newPurchaseRequestV02-Legal, Security & Technology information-question-6 EQUAL 91140b22-a9ac-4098-86a7-3c07c6250721 AND newPurchaseRequestV02-Legal, Security & Technology information-question-6 EQUAL 91140b22-a9ac-4098-86a7-3c07c6250721 AND newPurchaseRequestV02-Legal, Security & Technology information-question-6 EQUAL 91140b22-a9ac-4098-86a7-3c07c6250721 AND newPurchaseRequestV02-Legal, Security & Technology information-question-6 EQUAL 91140b22-a9ac-4098-86a7-3c07c6250721 AND newPurchaseRequestV02-Legal, Security & Technology information-question-6 EQUAL 91140b22-a9ac-4098-86a7-3c07c6250721 AND newPurchaseRequestV02-Legal, Security & Technology information-question-6 EQUAL 91140b22-a9ac-4098-86a7-3c07c6250721 AND newPurchaseRequestV02-Legal, Security & Technology information-question-6 EQUAL 91140b22-a9ac-4098-86a7-3c07c6250721 AND newPurchaseRequestV02-Legal, Security & Technology information-question-6 EQUAL 91140b22-a9ac-4098-86a7-3c07c6250721 AND newPurchaseRequestV02-Legal, Security & Technology information-question-6 EQUAL 91140b22-a9ac-4098-86a7-3c07c6250721 AND newPurchaseRequestV02-Legal, Security & Technology information-question-6 EQUAL 91140b22-a9ac-4098-86a7-3c07c6250721 AND newPurchaseRequestV02-Legal, Security & Technology information-question-6 EQUAL 91140b22-a9ac-4098-86a7-3c07c6250721 AND newPurchaseRequestV02-Legal, Security & Technology information-question-6 EQUAL 91140b22-a9ac-4098-86a7-3c07c6250721 AND newPurchaseRequestV02-Legal, Security & Technology information-question-6 EQUAL 91140b22-a9ac-4098-86a7-3c07c6250721 AND newPurchaseRequestV02-Legal, Security & Technology information-question-6 EQUAL 91140b22-a9ac-4098-86a7-3c07c6250721 AND newPurchaseRequestV02-Legal, Security & Technology information-question-6 EQUAL 91140b22-a9ac-4098-86a7-3c07c6250721 AND newPurchaseRequestV02-Legal, Security & Technology information-question-6 EQUAL 91140b22-a9ac-4098-86a7-3c07c6250721 AND newPurchaseRequestV02-Legal, Security & Technology information-question-6 EQUAL 91140b22-a9ac-4098-86a7-3c07c6250721 AND newPurchaseRequestV02-Legal, Security & Technology information-question-6 EQUAL 91140b22-a9ac-4098-86a7-3c07c6250721 AND newPurchaseRequestV02-Legal, Security & Technology information-question-6 EQUAL 91140b22-a9ac-4098-86a7-3c07c6250721 AND newPurchaseRequestV02-Legal, Security & Technology information-question-6 EQUAL 91140b22-a9ac-4098-86a7-3c07c6250721 AND newPurchaseRequestV02-Legal, Security & Technology information-question-6 EQUAL 91140b22-a9ac-4098-86a7-3c07c6250721 AND newPurchaseRequestV02-Legal, Security & Technology information-question-6 EQUAL 91140b22-a9ac-4098-86a7-3c07c6250721 AND newPurchaseRequestV02-Legal, Security & Technology information-question-6 EQUAL 91140b22-a9ac-4098-86a7-3c07c6250721 AND newPurchaseRequestV02-Legal, Security & Technology information-question-6 EQUAL 91140b22-a9ac-4098-86a7-3c07c6250721 AND newPurchaseRequestV02-Legal, Security & Technology information-question-6 EQUAL 91140b22-a9ac-4098-86a7-3c07c6250721 AND newPurchaseRequestV02-Legal, Security & Technology information-question-6 EQUAL 91140b22-a9ac-4098-86a7-3c07c6250721 AND newPurchaseRequestV02-Legal, Security & Technology information-question-6 EQUAL 91140b22-a9ac-4098-86a7-3c07c6250721 AND newPurchaseRequestV02-Legal, Security & Technology information-question-6 EQUAL 91140b22-a9ac-4098-86a7-3c07c6250721 AND newPurchaseRequestV02-Legal, Security & Technology information-question-6 EQUAL 91140b22-a9ac-4098-86a7-3c07c6250721 AND newPurchaseRequestV02-Legal, Security & Technology information-question-6 EQUAL 91140b22-a9ac-4098-86a7-3c07c6250721 AND newPurchaseRequestV02-Legal, Security & Technology information-question-6 EQUAL 91140b22-a9ac-4098-86a7-3c07c6250721 AND newPurchaseRequestV02-Legal, Security & Technology information-question-6 EQUAL 91140b22-a9ac-4098-86a7-3c07c6250721 AND newPurchaseRequestV02-Legal, Security & Technology information-question-6 EQUAL 91140b22-a9ac-4098-86a7-3c07c6250721 AND newPurchaseRequestV02-Legal, Security & Technology information-question-6 EQUAL 91140b22-a9ac-4098-86a7-3c07c6250721 AND newPurchaseRequestV02-Legal, Security & Technology information-question-6 EQUAL 91140b22-a9ac-4098-86a7-3c07c6250721 AND newPurchaseRequestV02-Legal, Security & Technology information-question-6 EQUAL 91140b22-a9ac-4098-86a7-3c07c6250721 AND newPurchaseRequestV02-Legal, Security & Technology information-question-6 EQUAL 91140b22-a9ac-4098-86a7-3c07c6250721 AND newPurchaseRequestV02-Legal, Security & Technology information-question-6 EQUAL 91140b22-a9ac-4098-86a7-3c07c6250721 AND newPurchaseRequestV02-Legal, Security & Technology information-question-6 EQUAL 91140b22-a9ac-4098-86a7-3c07c6250721 AND newPurchaseRequestV02-Legal, Security & Technology information-question-6 EQUAL 91140b22-a9ac-4098-86a7-3c07c6250721 AND newPurchaseRequestV02-Legal, Security & Technology information-question-6 EQUAL 91140b22-a9ac-4098-86a7-3c07c6250721 AND newPurchaseRequestV02-Legal, Security & Technology information-question-6 EQUAL 91140b22-a9ac-4098-86a7-3c07c6250721 AND newPurchaseRequestV02-Legal, Security & Technology information-question-6 EQUAL 91140b22-a9ac-4098-86a7-3c07c6250721 AND newPurchaseRequestV02-Legal, Security & Technology information-question-6 EQUAL 91140b22-a9ac-4098-86a7-3c07c6250721 AND newPurchaseRequestV02-Legal, Security & Technology information-question-6 EQUAL 91140b22-a9ac-4098-86a7-3c07c6250721 AND newPurchaseRequestV02-Legal, Security & Technology information-question-6 EQUAL 91140b22-a9ac-4098-86a7-3c07c6250721 AND newPurchaseRequestV02-Legal, Security & Technology information-question-6 EQUAL 91140b22-a9ac-4098-86a7-3c07c6250721 AND newPurchaseRequestV02-Legal, Security & Technology information-question-6 EQUAL 91140b22-a9ac-4098-86a7-3c07c6250721 AND newPurchaseRequestV02-Legal, Security & Technology information-question-6 EQUAL 91140b22-a9ac-4098-86a7-3c07c6250721 AND newPurchaseRequestV02-Legal, Security & Technology information-question-6 EQUAL 91140b22-a9ac-4098-86a7-3c07c6250721 AND newPurchaseRequestV02-Legal, Security & Technology information-question-6 EQUAL 91140b22-a9ac-4098-86a7-3c07c6250721 AND newPurchaseRequestV02-Legal, Security & Technology information-question-6 EQUAL 91140b22-a9ac-4098-86a7-3c07c6250721 AND newPurchaseRequestV02-Legal, Security & Technology information-question-6 EQUAL 91140b22-a9ac-4098-86a7-3c07c6250721 AND newPurchaseRequestV02-Legal, Security & Technology information-question-6 EQUAL 91140b22-a9ac-4098-86a7-3c07c6250721 AND newPurchaseRequestV02-Legal, Security & Technology information-question-6 EQUAL 91140b22-a9ac-4098-86a7-3c07c6250721 AND newPurchaseRequestV02-Legal, Security & Technology information-question-6 EQUAL 91140b22-a9ac-4098-86a7-3c07c6250721 AND newPurchaseRequestV02-Legal, Security & Technology information-question-6 EQUAL 91140b22-a9ac-4098-86a7-3c07c6250721 AND newPurchaseRequestV02-Legal, Security & Technology information-question-6 EQUAL 91140b22-a9ac-4098-86a7-3c07c6250721 AND newPurchaseRequestV02-Legal, Security & Technology information-question-6 EQUAL 91140b22-a9ac-4098-86a7-3c07c6250721 AND newPurchaseRequestV02-Legal, Security & Technology information-question-6 EQUAL 91140b22-a9ac-4098-86a7-3c07c6250721 AND newPurchaseRequestV02-Legal, Security & Technology information-question-6 EQUAL 91140b22-a9ac-4098-86a7-3c07c6250721 AND newPurchaseRequestV02-Legal, Security & Technology information-question-6 EQUAL 91140b22-a9ac-4098-86a7-3c07c6250721 AND newPurchaseRequestV02-Legal, Security & Technology information-question-6 EQUAL 91140b22-a9ac-4098-86a7-3c07c6250721 AND newPurchaseRequestV02-Legal, Security & Technology information-question-6 EQUAL 91140b22-a9ac-4098-86a7-3c07c6250721 AND newPurchaseRequestV02-Legal, Security & Technology information-question-6 EQUAL 91140b22-a9ac-4098-86a7-3c07c6250721 AND newPurchaseRequestV02-Legal, Security & Technology information-question-6 EQUAL 91140b22-a9ac-4098-86a7-3c07c6250721 AND newPurchaseRequestV02-Legal, Security & Technology information-question-6 EQUAL 91140b22-a9ac-4098-86a7-3c07c6250721 AND newPurchaseRequestV02-Legal, Security & Technology information-question-6 EQUAL 91140b22-a9ac-4098-86a7-3c07c6250721 AND newPurchaseRequestV02-Legal, Security & Technology information-question-6 EQUAL 91140b22-a9ac-4098-86a7-3c07c6250721 AND newPurchaseRequestV02-Legal, Security & Technology information-question-6 EQUAL 91140b22-a9ac-4098-86a7-3c07c6250721 AND newPurchaseRequestV02-Legal, Security & Technology information-question-6 EQUAL 91140b22-a9ac-4098-86a7-3c07c6250721 AND newPurchaseRequestV02-Legal, Security & Technology information-question-6 EQUAL 91140b22-a9ac-4098-86a7-3c07c6250721 AND newPurchaseRequestV02-Legal, Security & Technology information-question-6 EQUAL 91140b22-a9ac-4098-86a7-3c07c6250721 AND newPurchaseRequestV02-Legal, Security & Technology information-question-6 EQUAL 91140b22-a9ac-4098-86a7-3c07c6250721 AND newPurchaseRequestV03-page-5-question-7 EQUAL true AND newPurchaseRequestV02-Legal, Security & Technology information-question-6 EQUAL 91140b22-a9ac-4098-86a7-3c07c6250721 AND newPurchaseRequestV02-Legal, Security & Technology information-question-6 EQUAL 91140b22-a9ac-4098-86a7-3c07c6250721 AND newPurchaseRequestV02-Legal, Security & Technology information-question-6 EQUAL 91140b22-a9ac-4098-86a7-3c07c6250721 AND newPurchaseRequestV02-Legal, Security & Technology information-question-6 EQUAL 91140b22-a9ac-4098-86a7-3c07c6250721 AND newPurchaseRequestV02-Legal, Security & Technology information-question-6 EQUAL 91140b22-a9ac-4098-86a7-3c07c6250721 AND newPurchaseRequestV02-Legal, Security & Technology information-question-6 EQUAL 91140b22-a9ac-4098-86a7-3c07c6250721 AND newPurchaseRequestV02-Legal, Security & Technology information-question-6 EQUAL 91140b22-a9ac-4098-86a7-3c07c6250721 AND newPurchaseRequestV02-Legal, Security & Technology information-question-6 EQUAL 91140b22-a9ac-4098-86a7-3c07c6250721 AND newPurchaseRequestV02-Legal, Security & Technology information-question-6 EQUAL 91140b22-a9ac-4098-86a7-3c07c6250721 AND newPurchaseRequestV02-Legal, Security & Technology information-question-6 EQUAL 91140b22-a9ac-4098-86a7-3c07c6250721 AND newPurchaseRequestV02-Legal, Security & Technology information-question-6 EQUAL 91140b22-a9ac-4098-86a7-3c07c6250721 AND newPurchaseRequestV02-Legal, Security & Technology information-question-6 EQUAL 91140b22-a9ac-4098-86a7-3c07c6250721 AND newPurchaseRequestV02-Legal, Security & Technology information-question-6 EQUAL 91140b22-a9ac-4098-86a7-3c07c6250721 AND newPurchaseRequestV02-Legal, Security & Technology information-question-6 EQUAL 91140b22-a9ac-4098-86a7-3c07c6250721 AND newPurchaseRequestV02-Legal, Security & Technology information-question-6 EQUAL 91140b22-a9ac-4098-86a7-3c07c6250721 AND newPurchaseRequestV02-Legal, Security & Technology information-question-6 EQUAL 91140b22-a9ac-4098-86a7-3c07c6250721 AND newPurchaseRequestV02-Legal, Security & Technology information-question-6 EQUAL 91140b22-a9ac-4098-86a7-3c07c6250721 AND newPurchaseRequestV02-Legal, Security & Technology information-question-6 EQUAL 91140b22-a9ac-4098-86a7-3c07c6250721 AND newPurchaseRequestV02-Legal, Security & Technology information-question-6 EQUAL 91140b22-a9ac-4098-86a7-3c07c6250721 AND newPurchaseRequestV02-Legal, Security & Technology information-question-6 EQUAL 91140b22-a9ac-4098-86a7-3c07c6250721 AND newPurchaseRequestV02-Legal, Security & Technology information-question-6 EQUAL 91140b22-a9ac-4098-86a7-3c07c6250721 AND newPurchaseRequestV02-Legal, Security & Technology information-question-6 EQUAL 91140b22-a9ac-4098-86a7-3c07c6250721 AND newPurchaseRequestV02-Legal, Security & Technology information-question-6 EQUAL 91140b22-a9ac-4098-86a7-3c07c6250721 AND MainAssessmentQ48 EQUAL Yes AND newPurchaseRequestV02-Legal, Security & Technology information-question-6 EQUAL 91140b22-a9ac-4098-86a7-3c07c6250721 AND newPurchaseRequestV02-Legal, Security & Technology information-question-6 EQUAL 91140b22-a9ac-4098-86a7-3c07c6250721 AND newPurchaseRequestV02-Legal, Security & Technology information-question-6 EQUAL 91140b22-a9ac-4098-86a7-3c07c6250721 AND newPurchaseRequestV02-Legal, Security & Technology information-question-6 EQUAL 91140b22-a9ac-4098-86a7-3c07c6250721 AND newPurchaseRequestV02-Legal, Security & Technology information-question-6 EQUAL 91140b22-a9ac-4098-86a7-3c07c6250721 AND newPurchaseRequestV02-Legal, Security & Technology information-question-6 EQUAL 91140b22-a9ac-4098-86a7-3c07c6250721 AND newPurchaseRequestV02-Legal, Security & Technology information-question-6 EQUAL 91140b22-a9ac-4098-86a7-3c07c6250721 AND newPurchaseRequestV02-Legal, Security & Technology information-question-6 EQUAL 91140b22-a9ac-4098-86a7-3c07c6250721 AND newPurchaseRequestV02-Legal, Security & Technology information-question-6 EQUAL 91140b22-a9ac-4098-86a7-3c07c6250721 AND newPurchaseRequestV02-Legal, Security & Technology information-question-6 EQUAL 91140b22-a9ac-4098-86a7-3c07c6250721 AND newPurchaseRequestV02-Legal, Security & Technology information-question-6 EQUAL 91140b22-a9ac-4098-86a7-3c07c6250721 AND MainAssessmentQ54 EQUAL Yes AND newPurchaseRequestV02-Legal, Security & Technology information-question-6 EQUAL 91140b22-a9ac-4098-86a7-3c07c6250721 AND newPurchaseRequestV02-Legal, Security & Technology information-question-6 EQUAL 91140b22-a9ac-4098-86a7-3c07c6250721 AND newPurchaseRequestV02-Legal, Security & Technology information-question-6 EQUAL 91140b22-a9ac-4098-86a7-3c07c6250721 AND newPurchaseRequestV02-Legal, Security & Technology information-question-6 EQUAL 91140b22-a9ac-4098-86a7-3c07c6250721 AND newPurchaseRequestV02-Legal, Security & Technology information-question-6 EQUAL 91140b22-a9ac-4098-86a7-3c07c6250721 AND newPurchaseRequestV02-Legal, Security & Technology information-question-6 EQUAL 91140b22-a9ac-4098-86a7-3c07c6250721"
Wise Platform Third Party services,Materiality Substitutability = Easy SCA,wisePlatformMainAssessment-overview-question-2-SCA EQUAL Bring In-house AND wisePlatformMainAssessment-overview-question-3-SCA EQUAL Easy
Wise Platform Third Party services,Materiality Substitutability = Difficult ASM,wisePlatformMainAssessment-overview-question-2-ASM EQUAL Bring In-house AND wisePlatformMainAssessment-overview-question-3-ASM EQUAL Difficult
Wise Platform Third Party services,Materiality Impact = Low ASM,"wisePlatformMainAssessment-overview-question-6-ASM EQUAL Likely to create a severity 2 incident AND wisePlatformMainAssessment-overview-question-5-ASM EQUAL Yes, only Wise AND wisePlatformMainAssessment-overview-question-5-ASM EQUAL No AND wisePlatformMainAssessment-overview-question-8-ASM NOT_EQUAL Significant Impact AND wisePlatformMainAssessment-overview-question-8-ASM NOT_EQUAL High impact AND wisePlatformMainAssessment-overview-question-5-ASM EQUAL No AND wisePlatformMainAssessment-overview-question-5-ASM EQUAL Yes, only Wise AND wisePlatformMainAssessment-overview-question-8-ASM NOT_EQUAL Significant Impact AND wisePlatformMainAssessment-overview-question-8-ASM NOT_EQUAL High impact AND wisePlatformMainAssessment-overview-question-5-ASM EQUAL Yes, only customers AND wisePlatformMainAssessment-overview-question-5-ASM EQUAL Yes, only Wise AND wisePlatformMainAssessment-overview-question-8-ASM NOT_EQUAL Significant Impact AND wisePlatformMainAssessment-overview-question-8-ASM NOT_EQUAL High impact AND wisePlatformMainAssessment-overview-question-8-ASM NOT_EQUAL Moderate impact AND wisePlatformMainAssessment-overview-question-6-ASM EQUAL Likely to create a severity 3 incident AND wisePlatformMainAssessment-overview-question-6-ASM EQUAL Not applicable AND wisePlatformMainAssessment-overview-question-5-ASM EQUAL Yes, only Wise AND wisePlatformMainAssessment-overview-question-5-ASM EQUAL No AND wisePlatformMainAssessment-overview-question-8-ASM NOT_EQUAL Significant Impact AND wisePlatformMainAssessment-overview-question-8-ASM NOT_EQUAL High impact AND wisePlatformMainAssessment-overview-question-8-ASM NOT_EQUAL Significant Impact AND wisePlatformMainAssessment-overview-question-8-ASM NOT_EQUAL High impact AND wisePlatformMainAssessment-overview-question-8-ASM NOT_EQUAL Moderate impact AND wisePlatformMainAssessment-overview-question-5-ASM EQUAL Yes, only customers AND wisePlatformMainAssessment-overview-question-5-ASM EQUAL Yes, both"
Wise Platform Third Party services,Materiality Substitutability = Termination ASM,wisePlatformMainAssessment-overview-question-2-ASM EQUAL Terminate
Wise Platform Third Party services,Outsourcing = Yes ASM,wisePlatformTpIntakeFormDraft-page-2-question-3-copy EQUAL Anti-Scam Measures (ASM) - Singapore only AND wisePlatformTpIntakeFormDraft-page-2-question-3 EQUAL Anti-Scam Measures (ASM) - Singapore only
Wise Platform Third Party services,Materiality Substitutability = Instant ASM,wisePlatformMainAssessment-overview-question-2-ASM EQUAL Bring In-house AND wisePlatformMainAssessment-overview-question-3-ASM EQUAL Instant
Wise Platform Third Party services,Materiality Impact = High ASM,"wisePlatformMainAssessment-overview-question-6-ASM EQUAL Likely to create a severity 1 incident AND wisePlatformMainAssessment-overview-question-5-ASM NOT_EQUAL No AND wisePlatformMainAssessment-overview-question-8-ASM EQUAL High impact AND wisePlatformMainAssessment-overview-question-8-ASM EQUAL Significant Impact AND wisePlatformMainAssessment-overview-question-5-ASM NOT_EQUAL No AND wisePlatformMainAssessment-overview-question-6-ASM EQUAL Likely to create a severity 2 incident AND wisePlatformMainAssessment-overview-question-5-ASM EQUAL Yes, only customers AND wisePlatformMainAssessment-overview-question-5-ASM EQUAL Yes, both AND wisePlatformMainAssessment-overview-question-6-ASM EQUAL Likely to create a severity 3 incident AND wisePlatformMainAssessment-overview-question-5-ASM EQUAL Yes, both AND wisePlatformMainAssessment-overview-question-8-ASM EQUAL Moderate impact AND wisePlatformMainAssessment-overview-question-5-ASM EQUAL Yes, only customers AND wisePlatformMainAssessment-overview-question-5-ASM EQUAL Yes, both"
Wise Platform Third Party services,Materiality Substitutability = Easy ASM,wisePlatformMainAssessment-overview-question-2-ASM EQUAL Bring In-house AND wisePlatformMainAssessment-overview-question-3-ASM EQUAL Easy
Wise Platform Third Party services,Materiality Substitutability = Easy CS,wisePlatformMainAssessment-overview-question-2-CS EQUAL Bring In-house AND wisePlatformMainAssessment-overview-question-3-CS EQUAL Easy
Wise Platform Third Party services,Outsourcing = Yes KYC,wisePlatformTpIntakeFormDraft-page-2-question-3-copy EQUAL Know Your Customer (KYC) AND wisePlatformTpIntakeFormDraft-overview-question-4 EQUAL Partner KYC - Outsourcing AND wisePlatformTpIntakeFormDraft-overview-question-4 EQUAL Partner KYC - Reliance AND 08d494ea-3df7-4763-ad2c-5eb0cefed567 NOT_EQUAL c2b796ae-c53b-4243-b055-31cbf9085d8f AND 08d494ea-3df7-4763-ad2c-5eb0cefed567 NOT_EQUAL c2b796ae-c53b-4243-b055-31cbf9085d8f
Wise Platform Third Party services,Materiality Substitutability = Termination CS,wisePlatformMainAssessment-overview-question-2-CS EQUAL Terminate
Wise Platform Third Party services,Materiality Substitutability = Easy KYC,wisePlatformMainAssessment-overview-question-2-KYC EQUAL Bring In-house AND wisePlatformMainAssessment-overview-question-3-KYC EQUAL Easy
Wise Platform Third Party services,Materiality Impact = Low CS,"wisePlatformMainAssessment-overview-question-6-CS EQUAL Likely to create a severity 2 incident AND wisePlatformMainAssessment-overview-question-5-CS EQUAL Yes, only Wise AND wisePlatformMainAssessment-overview-question-5-CS EQUAL No AND wisePlatformMainAssessment-overview-question-8-CS NOT_EQUAL Significant Impact AND wisePlatformMainAssessment-overview-question-8-CS NOT_EQUAL High impact AND wisePlatformMainAssessment-overview-question-5-CS EQUAL No AND wisePlatformMainAssessment-overview-question-5-CS EQUAL Yes, only Wise AND wisePlatformMainAssessment-overview-question-8-CS NOT_EQUAL Significant Impact AND wisePlatformMainAssessment-overview-question-8-CS NOT_EQUAL High impact AND wisePlatformMainAssessment-overview-question-5-CS EQUAL Yes, only customers AND wisePlatformMainAssessment-overview-question-5-CS EQUAL Yes, only Wise AND wisePlatformMainAssessment-overview-question-8-CS NOT_EQUAL Significant Impact AND wisePlatformMainAssessment-overview-question-8-CS NOT_EQUAL High impact AND wisePlatformMainAssessment-overview-question-8-CS NOT_EQUAL Moderate impact AND wisePlatformMainAssessment-overview-question-6-CS EQUAL Likely to create a severity 3 incident AND wisePlatformMainAssessment-overview-question-6-CS EQUAL Not applicable AND wisePlatformMainAssessment-overview-question-5-CS EQUAL Yes, only Wise AND wisePlatformMainAssessment-overview-question-5-CS EQUAL No AND wisePlatformMainAssessment-overview-question-8-CS NOT_EQUAL Significant Impact AND wisePlatformMainAssessment-overview-question-8-CS NOT_EQUAL High impact AND wisePlatformMainAssessment-overview-question-8-CS NOT_EQUAL Significant Impact AND wisePlatformMainAssessment-overview-question-8-CS NOT_EQUAL High impact AND wisePlatformMainAssessment-overview-question-8-CS NOT_EQUAL Moderate impact AND wisePlatformMainAssessment-overview-question-5-CS EQUAL Yes, only customers AND wisePlatformMainAssessment-overview-question-5-CS EQUAL Yes, both"
Wise Platform Third Party services,Materiality Substitutability = Instant KYC,wisePlatformMainAssessment-overview-question-2-KYC EQUAL Bring In-house AND wisePlatformMainAssessment-overview-question-3-KYC EQUAL Instant
Wise Platform Third Party services,Materiality Impact = High CS,"wisePlatformMainAssessment-overview-question-6-CS EQUAL Likely to create a severity 1 incident AND wisePlatformMainAssessment-overview-question-5-CS NOT_EQUAL No AND wisePlatformMainAssessment-overview-question-5-CS NOT_EQUAL No AND wisePlatformMainAssessment-overview-question-8-CS EQUAL High impact AND wisePlatformMainAssessment-overview-question-8-CS EQUAL Significant Impact AND wisePlatformMainAssessment-overview-question-6-CS EQUAL Likely to create a severity 2 incident AND wisePlatformMainAssessment-overview-question-5-CS EQUAL Yes, only customers AND wisePlatformMainAssessment-overview-question-5-CS EQUAL Yes, both AND wisePlatformMainAssessment-overview-question-6-CS EQUAL Likely to create a severity 3 incident AND wisePlatformMainAssessment-overview-question-5-CS EQUAL Yes, both AND wisePlatformMainAssessment-overview-question-8-CS EQUAL Moderate impact AND wisePlatformMainAssessment-overview-question-5-CS EQUAL Yes, only customers AND wisePlatformMainAssessment-overview-question-5-CS EQUAL Yes, both"
Wise Platform Third Party services,Outsourcing = No CS,wisePlatformTpIntakeFormDraft-page-2-question-3 EQUAL Customer Support (2-tiered) AND wisePlatformTpIntakeFormDraft-page-2-question-3-copy EQUAL Customer Support (2-tiered) AND wisePlatformMainAssessment-overview-question-2-ASM EQUAL Terminate AND wisePlatformMainAssessment-overview-question-2-CS EQUAL Bring In-house AND wisePlatformMainAssessment-overview-question-3-CS EQUAL Difficult AND wisePlatformTpIntakeFormDraft-page-2-question-3 EQUAL Customer Support (2-tiered) AND wisePlatformTpIntakeFormDraft-page-2-question-3-copy EQUAL Customer Support (2-tiered)
Wise Platform Third Party services,Materiality Substitutability = Instant CS,wisePlatformMainAssessment-overview-question-2-CS EQUAL Bring In-house AND wisePlatformMainAssessment-overview-question-3-CS EQUAL Instant
Wise Platform Third Party services,Materiality Impact = High KYC,"wisePlatformMainAssessment-overview-question-6-KYC EQUAL Likely to create a severity 1 incident AND wisePlatformMainAssessment-overview-question-5-KYC NOT_EQUAL No AND wisePlatformMainAssessment-overview-question-5-KYC NOT_EQUAL No AND wisePlatformMainAssessment-overview-question-8-KYC EQUAL High impact AND wisePlatformMainAssessment-overview-question-8-KYC EQUAL Significant Impact AND wisePlatformMainAssessment-overview-question-6-KYC EQUAL Likely to create a severity 2 incident AND wisePlatformMainAssessment-overview-question-5-KYC EQUAL Yes, both AND wisePlatformMainAssessment-overview-question-5-KYC EQUAL Yes, only customers AND wisePlatformMainAssessment-overview-question-6-KYC EQUAL Likely to create a severity 3 incident AND wisePlatformMainAssessment-overview-question-5-KYC EQUAL Yes, both AND wisePlatformMainAssessment-overview-question-8-KYC EQUAL Moderate impact AND wisePlatformMainAssessment-overview-question-5-KYC EQUAL Yes, only customers AND wisePlatformMainAssessment-overview-question-5-KYC EQUAL Yes, both"
Wise Platform Third Party services,Materiality Substitutability = Termination KYC,wisePlatformMainAssessment-overview-question-2-KYC EQUAL Terminate
Wise Platform Third Party services,Materiality Substitutability = Difficult SCA,wisePlatformMainAssessment-overview-question-2-SCA EQUAL Bring In-house AND wisePlatformMainAssessment-overview-question-3-SCA EQUAL Difficult
Wise Platform Third Party services,Materiality Impact = Low KYC,"wisePlatformMainAssessment-overview-question-6-KYC EQUAL Likely to create a severity 2 incident AND wisePlatformMainAssessment-overview-question-5-KYC EQUAL Yes, only Wise AND wisePlatformMainAssessment-overview-question-5-KYC EQUAL No AND wisePlatformMainAssessment-overview-question-8-KYC NOT_EQUAL Significant Impact AND wisePlatformMainAssessment-overview-question-8-KYC NOT_EQUAL High impact AND wisePlatformMainAssessment-overview-question-5-KYC EQUAL No AND wisePlatformMainAssessment-overview-question-5-KYC EQUAL Yes, only Wise AND wisePlatformMainAssessment-overview-question-8-KYC NOT_EQUAL Significant Impact AND wisePlatformMainAssessment-overview-question-8-KYC NOT_EQUAL High impact AND wisePlatformMainAssessment-overview-question-5-KYC EQUAL Yes, only customers AND wisePlatformMainAssessment-overview-question-5-KYC EQUAL Yes, only Wise AND wisePlatformMainAssessment-overview-question-8-KYC NOT_EQUAL Significant Impact AND wisePlatformMainAssessment-overview-question-8-KYC NOT_EQUAL High impact AND wisePlatformMainAssessment-overview-question-8-KYC NOT_EQUAL Moderate impact AND wisePlatformMainAssessment-overview-question-6-KYC EQUAL Likely to create a severity 3 incident AND wisePlatformMainAssessment-overview-question-6-KYC EQUAL Not applicable AND wisePlatformMainAssessment-overview-question-5-KYC EQUAL Yes, only Wise AND wisePlatformMainAssessment-overview-question-5-KYC EQUAL No AND wisePlatformMainAssessment-overview-question-8-KYC NOT_EQUAL Significant Impact AND wisePlatformMainAssessment-overview-question-8-KYC NOT_EQUAL High impact AND wisePlatformMainAssessment-overview-question-8-KYC NOT_EQUAL Significant Impact AND wisePlatformMainAssessment-overview-question-8-KYC NOT_EQUAL High impact AND wisePlatformMainAssessment-overview-question-8-KYC NOT_EQUAL Moderate impact AND wisePlatformMainAssessment-overview-question-5-KYC EQUAL Yes, only customers AND wisePlatformMainAssessment-overview-question-5-KYC EQUAL Yes, both"
Wise Platform Third Party services,Materiality Impact = Low SCA,"wisePlatformMainAssessment-overview-question-6-SCA EQUAL Likely to create a severity 2 incident AND wisePlatformMainAssessment-overview-question-5-SCA EQUAL Yes, only Wise AND wisePlatformMainAssessment-overview-question-5-SCA EQUAL No AND wisePlatformMainAssessment-overview-question-8-SCA NOT_EQUAL Significant Impact AND wisePlatformMainAssessment-overview-question-8-SCA NOT_EQUAL High impact AND wisePlatformMainAssessment-overview-question-5-SCA EQUAL No AND wisePlatformMainAssessment-overview-question-5-SCA EQUAL Yes, only Wise AND wisePlatformMainAssessment-overview-question-8-SCA NOT_EQUAL Significant Impact AND wisePlatformMainAssessment-overview-question-8-SCA NOT_EQUAL High impact AND wisePlatformMainAssessment-overview-question-5-SCA EQUAL Yes, only customers AND wisePlatformMainAssessment-overview-question-5-SCA EQUAL Yes, only Wise AND wisePlatformMainAssessment-overview-question-8-SCA NOT_EQUAL Significant Impact AND wisePlatformMainAssessment-overview-question-8-SCA NOT_EQUAL High impact AND wisePlatformMainAssessment-overview-question-8-SCA NOT_EQUAL Moderate impact AND wisePlatformMainAssessment-overview-question-6-SCA EQUAL Likely to create a severity 3 incident AND wisePlatformMainAssessment-overview-question-6-SCA EQUAL Not applicable AND wisePlatformMainAssessment-overview-question-5-SCA EQUAL Yes, only Wise AND wisePlatformMainAssessment-overview-question-5-SCA EQUAL No AND wisePlatformMainAssessment-overview-question-8-SCA NOT_EQUAL Significant Impact AND wisePlatformMainAssessment-overview-question-8-SCA NOT_EQUAL High impact AND wisePlatformMainAssessment-overview-question-8-SCA NOT_EQUAL Significant Impact AND wisePlatformMainAssessment-overview-question-8-SCA NOT_EQUAL High impact AND wisePlatformMainAssessment-overview-question-8-SCA NOT_EQUAL Moderate impact AND wisePlatformMainAssessment-overview-question-5-SCA EQUAL Yes, only customers AND wisePlatformMainAssessment-overview-question-5-SCA EQUAL Yes, both"
Wise Platform Third Party services,Materiality Substitutability = Termination SCA,wisePlatformMainAssessment-overview-question-2-SCA EQUAL Terminate
Wise Platform Third Party services,Materiality Substitutability = Difficult CS,wisePlatformMainAssessment-overview-question-2-CS EQUAL Bring In-house AND wisePlatformMainAssessment-overview-question-3-CS EQUAL Difficult
Wise Platform Third Party services,Materiality Impact = High SCA,"wisePlatformMainAssessment-overview-question-6-SCA EQUAL Likely to create a severity 1 incident AND wisePlatformMainAssessment-overview-question-5-SCA NOT_EQUAL No AND wisePlatformMainAssessment-overview-question-5-SCA NOT_EQUAL No AND wisePlatformMainAssessment-overview-question-8-SCA EQUAL Significant Impact AND wisePlatformMainAssessment-overview-question-8-SCA EQUAL High impact AND wisePlatformMainAssessment-overview-question-6-SCA EQUAL Likely to create a severity 2 incident AND wisePlatformMainAssessment-overview-question-5-SCA EQUAL Yes, only customers AND wisePlatformMainAssessment-overview-question-5-SCA EQUAL Yes, both AND wisePlatformMainAssessment-overview-question-6-SCA EQUAL Likely to create a severity 3 incident AND wisePlatformMainAssessment-overview-question-5-SCA EQUAL Yes, both AND wisePlatformMainAssessment-overview-question-8-SCA EQUAL Moderate impact AND wisePlatformMainAssessment-overview-question-5-SCA EQUAL Yes, only customers AND wisePlatformMainAssessment-overview-question-5-SCA EQUAL Yes, both"
Wise Platform Third Party services,Wise Platform Service,CPconfirmation EQUAL true
Wise Platform Third Party services,Outsourcing = Yes CS,wisePlatformTpIntakeFormDraft-page-2-question-3 CONTAINS Customer Support (2-tiered) AND wisePlatformTpIntakeFormDraft-page-2-question-3-copy CONTAINS Customer Support (2-tiered) AND wisePlatformMainAssessment-overview-question-2-ASM EQUAL Bring In-house AND wisePlatformMainAssessment-overview-question-3-ASM NOT_EQUAL Difficult AND wisePlatformMainAssessment-overview-question-2-CS NOT_EQUAL Terminate AND wisePlatformTpIntakeFormDraft-page-2-question-3 EQUAL Customer Support (2-tiered) AND wisePlatformTpIntakeFormDraft-page-2-question-3-copy EQUAL Customer Support (2-tiered)
Wise Platform Third Party services,Outsourcing = Yes SCA,wisePlatformTpIntakeFormDraft-page-2-question-3 EQUAL Strong Customer Authentication (SCA) AND wisePlatformTpIntakeFormDraft-page-2-question-3-copy EQUAL Strong Customer Authentication (SCA)
Wise Platform Third Party services,Materiality Substitutability = Instant SCA,wisePlatformMainAssessment-overview-question-2-SCA EQUAL Bring In-house AND wisePlatformMainAssessment-overview-question-3-SCA EQUAL Instant
Wise Platform Third Party services,Outsourcing = No KYC,08d494ea-3df7-4763-ad2c-5eb0cefed567 EQUAL c2b796ae-c53b-4243-b055-31cbf9085d8f AND 08d494ea-3df7-4763-ad2c-5eb0cefed567 EQUAL c2b796ae-c53b-4243-b055-31cbf9085d8f AND wisePlatformTpIntakeFormDraft-overview-question-4 EQUAL Partner KYC - Reliance AND wisePlatformTpIntakeFormDraft-page-2-question-3-copy EQUAL Know Your Customer (KYC)
Wise Platform Third Party services,Materiality Substitutability = Difficult KYC,wisePlatformMainAssessment-overview-question-2-KYC EQUAL Bring In-house AND wisePlatformMainAssessment-overview-question-3-KYC EQUAL Difficult